date,Comm,Consumer,Energy,Financials,Healthcare,Industrials,Materials,RealEstate,Tech,Utilities
2020-01-02,0.08718,-0.068945,0.192462,0.107185,0.21549,0.08408,0.10975,0.00724,0.061591,0.12738
2020-01-03,0.05423,-0.174233,-0.04619,0.050455,0.083755,-0.12488,-0.0283,-0.03842,0.078468,0.05634
2020-01-06,0.104286,0.106789,0.08544,0.284306,0.32718,0.044117,-0.055812,0.0888,-0.013117,0.00905
2020-01-07,0.17558,0.147238,0.04761,0.11242,0.108637,0.024046,0.07636,0.0,0.007282,0.12738
2020-01-08,0.154382,0.05741,-0.018875,0.28061,0.154291,0.012206,-0.03984,-0.04032,0.069954,0.16784
2020-01-09,0.16018,0.283456,0.082808,0.261529,0.095427,0.033717,0.025453,0.0,0.091543,0.0592
2020-01-10,0.028677,0.004144,0.073962,0.131615,0.24778,0.05553,-0.08572,-0.08412,0.245493,0.124897
2020-01-13,0.000619,0.089085,0.134543,0.19619,0.133858,0.059237,0.13194,0.047893,0.200916,0.00528
2020-01-14,0.03452,0.04291,0.213818,0.035565,0.2589,0.089663,0.0168,0.0296,0.137912,0.17563
2020-01-15,0.000418,0.09546,0.086007,0.060896,0.13796,-0.073385,0.069193,0.010115,0.018464,0.09257
2020-01-16,0.11389,0.177215,0.102854,0.143429,0.100145,0.114267,0.08808,0.1486,0.177704,0.122448
2020-01-17,0.03804,0.080105,0.112872,0.11718,0.120243,0.188867,0.18836,0.07486,0.071416,0.15105
2020-01-21,-0.02204,0.070093,0.109974,0.199306,0.090574,0.104686,0.010086,0.050307,0.017947,0.17614
2020-01-22,0.10965,0.084427,0.090173,0.01531,0.056444,-0.014111,-0.0592,0.0103,0.148316,0.106103
2020-01-23,0.175303,0.129586,0.061573,0.03247,0.02031,0.029595,0.09407,0.1884,0.034896,-0.0281
2020-01-24,0.11109,0.078664,0.181362,-0.02652,0.224645,0.049345,0.089688,0.03612,0.066004,0.198928
2020-01-27,-0.036333,0.036441,0.041912,-0.03428,0.270938,0.063357,-0.001473,0.05106,-0.17687,0.000232
2020-01-28,0.036708,0.038613,0.098633,0.129329,0.186412,0.004039,0.167525,0.07579,-0.008395,0.01564
2020-01-29,0.252701,0.009241,0.010497,0.152345,0.141442,0.010459,0.063124,0.09878,0.117121,0.132215
2020-01-30,-0.01065,0.044193,0.107697,0.020737,0.102243,0.108133,-0.026406,0.02408,-0.032987,0.171785
2020-01-31,-0.188667,0.020196,0.079834,0.093551,0.223558,0.083309,-0.003335,0.14476,0.177666,0.11302
2020-02-03,0.130922,0.148323,0.051482,0.07699,0.118252,0.094465,0.14187,0.034,0.054737,0.20161
2020-02-04,0.112579,0.140124,0.101741,0.27631,0.18218,0.157718,0.05411,0.051983,0.074608,0.11915
2020-02-05,-0.006538,0.014995,0.504523,-0.1472,0.165068,0.066919,0.06436,0.0,0.081818,0.031903
2020-02-06,0.06914,0.130603,0.187257,0.271399,0.22736,-0.005147,0.051321,0.24698,0.286872,0.15116
2020-02-07,0.032776,0.159785,0.222753,0.04199,0.272103,-0.0009,0.007373,0.0,0.187594,0.142058
2020-02-10,0.0914,-0.006943,0.050993,0.144277,0.01991,0.085783,0.232313,0.084527,0.158188,0.114865
2020-02-11,-0.026111,0.045486,0.095273,0.260487,-0.003798,-0.007123,0.117328,0.046473,0.036324,0.174156
2020-02-12,0.153652,0.058343,0.033767,0.053773,0.160881,0.07436,0.0592,0.126953,0.010694,0.277746
2020-02-13,0.091723,-0.013982,0.097292,0.08528,0.081533,0.035338,0.027483,0.110812,-0.036949,0.160426
2020-02-14,0.12498,-0.052778,0.0905,0.12204,0.25895,0.191945,-0.016395,0.09492,0.019725,0.126654
2020-02-18,0.040218,0.194397,0.146178,-0.005483,0.090152,0.00382,0.122424,0.10593,-0.04732,0.216409
2020-02-19,0.073682,0.157448,0.198157,0.03996,0.240667,0.178153,0.0148,0.0,-0.012978,0.104329
2020-02-20,0.038785,0.06387,0.171315,0.146484,0.066954,0.069017,0.046013,0.046494,0.041481,0.105786
2020-02-21,-0.039783,0.068388,0.072058,0.281672,0.063965,0.11363,0.0845,0.01979,-0.258961,0.156928
2020-02-24,0.028283,-0.002158,-0.146638,-0.001581,0.11284,0.070818,0.066211,0.048205,-0.009185,0.056411
2020-02-25,0.120507,0.163769,-0.033855,0.258161,0.19953,-0.00088,0.028663,0.027293,0.019905,0.163803
2020-02-26,0.125587,0.097673,0.222822,0.163629,0.044877,0.044663,0.04302,0.023013,0.212002,0.063747
2020-02-27,0.13194,0.096109,0.08371,0.07106,0.038548,0.114463,0.054144,0.103515,-0.090316,0.297366
2020-02-28,-0.09631,-0.081064,0.086071,-0.035373,-0.024808,0.082515,0.074262,-0.002708,0.17178,-0.03968
2020-03-02,0.097267,0.05836,0.041445,0.125247,0.194039,-0.00572,0.031938,0.095115,0.067866,0.229347
2020-03-03,0.040232,0.18419,0.054481,-0.083678,0.374186,0.072,0.099858,0.093805,0.002538,0.00575
2020-03-04,0.101097,0.137624,0.220017,0.106318,0.425451,0.146314,0.17617,0.27933,0.395786,0.472569
2020-03-05,0.181035,0.078916,0.06623,0.078685,0.101461,0.123121,0.043213,0.22342,0.14698,0.074593
2020-03-06,0.027945,-0.024377,-0.00736,-0.000391,0.066115,0.046527,-0.01488,0.02023,0.044158,0.13833
2020-03-09,-0.01093,0.056119,-0.099567,0.209831,0.119738,-0.098977,0.054743,0.10695,-0.110207,-0.171963
2020-03-10,-0.044324,-0.008197,0.00847,0.113893,0.099169,-0.089503,0.059308,0.0592,0.272895,0.22297
2020-03-11,0.0222,-0.031961,0.032616,0.18409,0.246131,0.154785,0.071297,0.30446,0.077488,0.033673
2020-03-12,-0.004152,0.049359,0.062688,0.007116,-0.147341,-0.17305,-0.052716,0.01931,-0.045709,0.001628
2020-03-13,0.078253,0.035797,0.208427,-0.199697,0.00796,0.04446,0.084247,0.1184,-0.011569,0.11733
2020-03-16,-0.012311,-0.136021,0.000691,-0.059331,0.004297,0.060705,-0.00324,0.049906,-0.105287,0.19956
2020-03-17,0.051866,0.051672,0.025996,-0.11708,0.3171,0.002529,0.105508,0.07348,0.121601,0.184487
2020-03-18,-0.026484,0.030064,0.018743,0.033417,0.056811,-0.004995,-0.02374,0.0,-0.10073,0.24911
2020-03-19,0.036518,0.021881,-0.046462,-0.182993,0.062375,0.012287,0.112795,0.130153,-0.107377,0.143747
2020-03-20,0.013975,0.046295,-0.106807,-0.059727,0.059003,0.079864,0.06369,0.049635,0.19086,0.095752
2020-03-23,0.163313,0.05064,-0.135216,-0.02157,0.044644,0.012568,0.174333,0.04303,0.183702,-0.01468
2020-03-24,0.175141,0.196996,0.113389,0.39868,0.273796,0.240997,0.31854,0.052515,0.350668,0.15418
2020-03-25,0.177599,0.170133,0.127207,0.016905,0.180964,0.060745,0.09878,0.04616,0.029074,0.29345
2020-03-26,0.129202,0.086075,0.175266,0.218548,0.267409,0.112791,0.096591,0.309393,0.293434,0.12445
2020-03-27,0.113729,0.045832,0.289845,0.150997,0.173266,0.220017,0.12937,0.30251,0.3283,0.295965
2020-03-30,0.183099,0.069349,0.122721,-0.183265,0.144281,0.018956,0.020159,0.265285,0.076167,0.135738
2020-03-31,0.120333,-0.023837,0.006621,0.018037,0.030492,0.040347,0.224695,-0.138415,0.018877,-0.140875
2020-04-01,0.061447,0.179578,-0.05197,0.046318,0.046207,-0.024708,0.047515,-0.026807,0.11331,-0.057558
2020-04-02,-0.09556,0.043528,-0.044638,0.043256,0.115231,-0.009445,0.037937,-0.03122,0.137705,0.04495
2020-04-03,0.213195,0.01112,-0.018312,0.090062,0.144778,-0.208871,0.05154,0.08339,-0.175947,0.2184
2020-04-06,0.248543,0.191595,0.112511,0.171702,0.333473,0.104016,0.074848,0.073373,0.287167,0.356532
2020-04-07,0.081626,0.2409,0.312661,0.144984,0.043709,0.298147,0.37297,0.075743,0.110834,0.186733
2020-04-08,0.037484,-0.012108,0.30184,0.09422,0.125256,0.158806,0.180381,0.44486,0.23468,0.0555
2020-04-09,-0.022963,0.168501,0.131059,0.165225,-0.001638,0.025403,0.118139,0.244247,0.131297,0.39142
2020-04-13,0.05823,-0.013241,0.122508,0.078749,-0.004052,0.019677,0.065347,-0.04814,0.165623,-0.00224
2020-04-14,0.209136,0.22204,-0.013287,0.102991,0.166325,0.22061,-0.0085,0.338347,0.570382,0.182384
2020-04-15,0.123803,0.090831,0.093438,0.106463,-0.062183,0.00011,-0.039116,-0.11978,0.123804,0.043357
2020-04-16,0.228744,0.115774,-0.01728,0.042723,0.299984,0.129752,0.08621,-0.02732,0.308899,0.20834
2020-04-17,0.063999,0.214099,-0.094656,0.072205,0.296377,0.034618,0.24444,0.324067,0.096484,0.306596
2020-04-20,0.070725,0.070452,-0.143564,0.183998,-0.046997,0.049013,0.210267,0.01779,0.241328,-0.026239
2020-04-21,0.082433,0.012584,-0.225778,-0.109923,-0.017922,-0.008877,-0.062333,0.030495,-0.33475,-0.0737
2020-04-22,0.127424,0.100937,-0.029025,0.073532,0.235772,0.076627,0.139115,0.16866,0.306038,0.012887
2020-04-23,0.087307,0.08178,0.186422,0.13952,0.15419,0.283292,0.147475,0.12498,0.208454,0.14091
2020-04-24,0.015129,-0.003549,0.023216,-0.027948,0.021422,0.018204,-0.051867,0.041315,0.044781,-0.00293
2020-04-27,0.081477,0.086633,-0.011834,0.097252,-0.013338,0.116956,0.246607,0.053123,0.145982,0.211036
2020-04-28,0.134261,0.0873,0.024333,0.244105,0.151993,0.081956,0.053928,0.086165,0.070015,0.16765
2020-04-29,0.06182,0.107237,0.181792,0.117552,0.034186,0.098846,0.29078,0.061665,0.172688,0.05824
2020-04-30,0.012449,0.004515,0.044042,0.072541,0.150983,-0.044917,0.088055,0.015673,0.077652,0.0894
2020-05-01,-0.06593,0.180472,-0.124472,-0.063498,0.040706,-0.078103,0.103285,0.019535,-0.157989,0.115378
2020-05-04,0.077287,0.157035,-0.00683,0.127824,0.051395,0.071132,0.029557,0.03111,0.355646,0.18414
2020-05-05,0.119268,0.141627,0.098118,0.020163,0.167238,0.298226,0.157915,0.096093,0.180675,0.115178
2020-05-06,-0.081966,0.071926,0.152532,0.047625,0.163974,0.060492,-0.021529,-0.025453,0.130571,0.157987
2020-05-07,0.091938,0.098882,0.182095,-0.093063,0.081678,0.017405,0.097272,0.261645,0.240682,0.143643
2020-05-08,0.140852,0.068554,0.191528,0.054173,-0.024708,0.005298,0.063679,0.074847,0.442209,0.082878
2020-05-11,0.128943,0.086025,-0.05607,0.161149,0.029247,0.286692,0.056902,0.00829,0.128267,0.190412
2020-05-12,0.068945,0.100199,0.151845,-0.14783,-0.046499,0.024778,0.055973,-0.29967,-0.0453,0.159517
2020-05-13,0.01516,0.068792,-0.062305,0.158649,0.119217,-0.014756,0.128365,0.21844,0.114602,0.2278
2020-05-14,0.171253,0.129312,-0.07579,0.09045,0.122988,0.043791,0.114235,0.158367,0.154292,0.172935
2020-05-15,0.098457,0.082503,0.175802,0.197642,-0.007058,-0.032895,0.192628,-0.04885,-0.012865,0.166855
2020-05-18,0.146469,0.20182,0.143126,0.070144,0.110989,0.385534,0.08103,0.441527,0.015537,0.260653
2020-05-19,0.129557,-0.072486,0.124416,0.059997,0.220874,-0.10177,0.024937,0.06254,0.067365,0.05464
2020-05-20,-0.005675,-0.026941,-0.022844,0.37486,0.014665,0.119327,0.11316,0.06369,0.237002,0.017627
2020-05-21,0.108472,0.024797,-0.04974,0.081625,0.093502,0.006017,0.150983,0.0,0.012136,0.265722
2020-05-22,-0.05059,0.003623,-0.044225,0.159373,0.127765,0.06799,0.05464,0.046902,-0.170014,0.04166
2020-05-26,0.137805,0.203289,0.101771,0.16174,0.036722,0.3014,0.118758,0.065887,0.064292,0.19776
2020-05-27,0.150163,0.153084,-0.059336,0.277483,-0.007068,0.355189,0.0,0.0,0.156823,0.17199
2020-05-28,0.095344,0.087925,0.14303,0.013584,-0.062032,0.131177,0.127,0.16668,0.10205,0.09992
2020-05-29,0.10081,0.080727,0.13018,0.041302,0.158324,0.150633,0.0036,0.01204,0.135827,0.170973
2020-06-01,0.159723,0.081224,-0.081873,0.063421,0.121846,0.113715,0.05464,-0.0488,0.140877,0.054453
2020-06-02,0.173577,-0.116547,0.134491,0.089989,0.021175,0.365932,0.219765,0.08968,0.219347,0.131285
2020-06-03,-0.072697,0.197954,0.42173,0.216184,0.254027,0.335037,0.12638,0.0872,0.168804,0.0
2020-06-04,0.160185,0.16785,0.077036,0.177588,0.102827,0.080986,-0.0256,0.0592,0.091885,-0.036432
2020-06-05,0.088829,0.118412,0.255537,0.373024,0.096875,0.35077,0.159845,0.0,0.114926,0.044555
2020-06-08,-0.113092,0.162587,0.129711,0.205836,0.055461,0.077589,0.08176,0.10444,0.095853,0.31624
2020-06-09,0.0,0.015231,0.411489,0.101312,0.000941,0.099748,0.15012,0.00516,0.296642,0.12929
2020-06-10,0.00957,-0.022499,-0.155789,0.143362,0.078658,0.022053,0.0,0.004915,0.013265,0.0
2020-06-11,0.006904,0.049953,-0.098045,0.079971,0.21064,0.108451,0.14028,0.14751,0.170452,0.12728
2020-06-12,0.066333,0.072654,0.02737,0.03857,0.019198,-0.056862,0.00653,0.0592,0.085457,0.05464
2020-06-15,0.018013,0.008546,0.057693,0.072435,0.170326,0.051807,0.05464,0.04019,0.147367,0.21602
2020-06-16,0.09305,0.17452,0.054147,0.081233,0.055107,0.106533,0.0,0.10523,0.14591,0.16722
2020-06-17,0.128278,0.176891,-0.000416,-0.025888,-0.10197,0.0,-0.12248,-0.00828,0.04251,0.0
2020-06-18,0.009249,0.069083,0.015883,-0.09982,0.253153,-0.037181,0.0,0.20776,0.16786,0.08632
2020-06-19,0.124293,0.007802,0.189589,-0.08318,0.134823,0.08808,-0.04526,0.0,-0.07224,0.12854
2020-06-22,0.140017,0.046423,0.177073,-0.0517,0.272007,0.077513,0.04194,0.0,0.115461,-0.066983
2020-06-23,0.098578,0.176503,0.14533,0.09407,0.003193,0.171598,0.04588,0.0,0.059653,0.05464
2020-06-24,0.102741,0.015461,-0.189821,0.051002,0.015767,-0.034453,0.0,-0.07224,-0.124577,-0.02054
2020-06-25,0.070299,0.087629,0.114104,-0.010287,0.093402,-0.059825,0.08038,0.0,-0.25697,0.0
2020-06-26,0.1451,0.167054,0.049913,0.0104,-0.036851,0.010199,0.068,0.00382,-0.02161,0.068
2020-06-29,0.020961,0.046553,0.01872,0.135961,0.167875,0.090946,0.04526,0.0,0.076733,0.0
2020-06-30,0.092334,0.057023,0.101885,0.034919,0.08195,0.033904,0.04046,0.14436,0.159676,0.034
2020-07-01,-0.02744,-0.100742,0.047463,-0.190285,0.197939,0.156037,0.04046,0.0,0.1086,0.1408
2020-07-02,-0.008895,0.161906,0.178678,0.07885,0.098195,0.022302,0.0,-0.0256,0.11805,0.32296
2020-07-06,0.044344,0.001223,0.128364,0.037554,0.092759,0.008783,-0.04577,-0.06364,0.058215,0.143915
2020-07-07,0.08076,0.115897,-0.027736,-0.05537,0.096133,-0.027297,0.0,0.09677,0.14006,-0.07184
2020-07-08,-0.069285,0.184757,0.11718,0.20556,0.149372,0.134395,0.11438,-0.11988,0.018144,-0.057802
2020-07-09,0.084225,0.086168,0.14581,0.141942,0.026783,0.011333,0.0,0.0,0.108774,0.10534
2020-07-10,0.0,0.007357,0.177947,0.04296,0.220272,-0.061717,0.0,0.01544,0.0,0.14728
2020-07-13,0.02504,0.167008,0.2691,0.031277,0.05238,0.137147,0.0,0.0,0.26386,0.0162
2020-07-14,0.032317,0.081581,-0.00516,0.009122,0.22699,0.093593,0.0,0.0,0.086656,0.10928
2020-07-15,0.057753,0.127628,-0.083015,0.296224,0.15995,0.16625,0.0,0.00857,0.06254,0.3174
2020-07-16,0.130653,0.173962,0.0987,-0.023705,0.196474,0.00294,0.01032,0.0,-0.006777,0.11438
2020-07-17,-0.09978,0.095832,-0.0153,-0.0374,-0.064713,0.044985,0.0,0.0,-0.034548,0.19182
2020-07-20,0.04097,0.048184,0.083811,0.0699,0.155855,0.165758,0.0,0.0,0.102214,0.00786
2020-07-21,0.175997,0.216076,0.247938,0.13389,0.17713,0.053183,0.0,0.017616,0.190128,0.0598
2020-07-22,0.07524,0.091004,0.158025,0.035398,0.3127,-0.002377,0.05464,0.02987,0.134143,0.0
2020-07-23,-0.11883,0.048864,0.02224,0.010518,-0.0666,0.265708,0.007454,0.0592,0.137278,0.06133
2020-07-24,0.019053,-0.008541,0.174489,-0.01097,0.164015,0.18255,0.08379,0.0,0.11725,0.15888
2020-07-27,0.07184,0.090079,0.030928,0.135962,-0.003666,0.126673,0.019756,0.1045,0.131397,-0.010635
2020-07-28,0.06905,0.092308,0.08092,0.04396,0.0381,0.100838,0.113295,0.0,0.053612,0.04404
2020-07-29,0.019635,0.042265,0.24017,0.067444,0.138288,0.051385,0.03818,0.10453,0.186266,0.10754
2020-07-30,0.063988,0.107411,0.058043,0.164128,-0.011352,0.075327,0.0039,-0.09534,0.032659,0.05267
2020-07-31,0.12289,0.02928,-0.01116,-0.04995,0.044095,-0.010028,0.05464,0.11718,0.10534,0.06955
2020-08-03,0.242384,0.050338,0.101918,0.05421,0.050586,-0.11562,0.2535,-0.01032,0.095635,0.137787
2020-08-04,0.088775,0.205376,-0.005685,0.028712,0.001353,0.0431,0.1184,-0.05994,0.084018,0.23578
2020-08-05,0.13505,0.020249,0.094115,0.079383,-0.01398,0.120222,-0.01027,0.0296,0.068019,-0.02054
2020-08-06,0.134178,0.060406,0.077373,0.0025,0.182065,0.18304,0.20776,0.0,0.022595,0.02717
2020-08-07,0.030405,0.117405,0.029141,0.034015,0.250336,-4.3e-05,0.0,0.27158,0.12738,0.0
2020-08-10,0.236903,0.099894,0.19687,0.269683,0.101843,0.09539,0.090347,0.0,0.09708,0.019377
2020-08-11,0.083517,0.053127,0.179734,0.10836,0.068,0.020532,0.0,0.08038,0.149071,0.14272
2020-08-12,0.08343,0.007589,0.162713,0.028151,0.04046,0.012625,0.0,0.0,-0.059311,0.02732
2020-08-13,0.0592,0.053422,0.05464,-0.093803,-0.13394,-0.07034,0.0,0.0,0.042989,0.0
2020-08-14,-0.06364,0.046828,0.177065,0.080167,0.0,0.008365,0.0,0.07636,0.223357,0.25476
2020-08-17,0.126587,0.181203,-0.06192,0.061093,0.28033,0.0922,0.1865,0.12738,-0.000894,0.18951
2020-08-18,0.121327,0.084194,0.011273,0.068562,-0.0898,0.15602,0.0592,0.11188,0.032857,0.09152
2020-08-19,0.0,0.151429,0.053013,0.055782,0.089452,0.127096,0.0,0.0,0.037523,0.0
2020-08-20,0.00512,0.072577,0.047896,0.172369,0.04426,0.1193,0.0,0.0,-0.063431,0.18508
2020-08-21,0.035607,0.23627,0.045533,0.159673,0.07681,-0.03522,-0.0256,0.033747,0.050899,0.13114
2020-08-24,-0.01386,0.078993,0.079976,0.361587,0.18137,0.256665,0.04046,-0.02054,0.010852,-0.01801
2020-08-25,0.016667,0.112297,0.004673,0.14368,0.112288,0.1547,-0.03558,0.05,0.041189,0.07224
2020-08-26,0.098772,0.065962,0.114751,0.08895,0.117564,-0.105765,0.0592,0.09176,0.092027,0.210678
2020-08-27,0.04046,-0.025801,0.023625,-0.0388,0.112959,0.071603,0.0,0.19455,0.078842,0.0
2020-08-28,0.045312,0.019692,0.002345,-0.110625,-0.014043,0.03558,-0.015087,0.0,0.198133,0.0
2020-08-31,0.100327,0.032429,-0.007903,0.08677,0.179831,0.319384,0.0,0.24176,0.099782,0.039043
2020-09-01,0.08423,0.084525,0.03656,0.137547,0.069075,0.04726,0.0,0.02489,0.015585,0.0
2020-09-02,0.150593,0.2,-0.03684,0.075255,-0.160415,0.140873,0.0,0.0,0.115152,0.35608
2020-09-03,0.058849,0.172573,0.105076,0.134917,0.02544,0.080023,0.02294,0.0,0.070045,0.09827
2020-09-04,0.108637,0.052898,0.027115,-0.06926,0.002841,0.0,0.0296,0.093413,0.22383,0.04046
2020-09-08,0.069788,0.106807,-0.10191,0.096395,0.047805,-0.039342,0.05,0.02795,0.122785,-0.160069
2020-09-09,0.11918,0.108905,0.04588,-0.11298,0.133745,0.112253,0.0,-0.12498,0.077465,0.1486
2020-09-10,0.01297,0.171148,0.05464,-0.003127,0.12738,0.01068,0.06582,0.0,0.095233,0.0
2020-09-11,-0.00442,0.103092,0.0708,-0.05994,-0.056207,0.022432,-0.0592,0.0,0.084567,0.0
2020-09-14,0.023272,0.065809,-0.026294,-0.02237,0.120288,0.03974,0.021075,0.06369,0.061205,0.045895
2020-09-15,0.028493,0.136534,-0.104407,0.12745,0.163487,0.128753,0.0,0.032927,-0.108863,0.014403
2020-09-16,0.04827,0.088762,0.073602,-0.01954,0.0,0.232732,0.0,0.0,0.24324,0.047685
2020-09-17,0.150847,0.220716,0.094843,0.07329,0.081785,0.159771,0.097435,-0.12248,0.09317,0.0
2020-09-18,0.027525,0.002136,0.04951,0.08238,-0.038654,0.207687,0.0,0.08808,0.0,0.0
2020-09-21,0.078478,0.088798,-0.048093,-0.041182,-0.239646,0.018131,0.13141,0.0,0.063633,0.11148
2020-09-22,0.18247,0.184457,0.25954,0.13717,0.40259,0.137903,0.0,0.0,0.065413,0.08808
2020-09-23,0.07487,0.094929,0.057615,0.134876,0.068593,0.16386,0.0,0.0,-0.02054,0.0
2020-09-24,0.076438,0.065292,0.156637,0.142622,-0.10301,0.044223,0.12738,0.0,0.123915,0.0
2020-09-25,-0.05829,0.022583,0.03295,0.08038,0.109673,0.158901,0.0,0.0,-0.030587,0.0
2020-09-28,0.154226,0.069007,0.09916,0.227493,0.020469,0.10279,-0.01996,0.04046,0.193568,0.065564
2020-09-29,0.01186,0.210983,0.25221,-0.05424,0.21182,0.113,0.0,0.0,0.14643,0.05464
2020-09-30,0.17758,0.225167,0.008377,-0.004069,0.147745,0.20258,0.0,0.07636,0.08016,0.213744
2020-10-01,-0.009583,0.057404,0.064871,0.177948,0.102952,0.294689,0.0,0.0,0.0,0.17616
2020-10-02,-0.12972,0.064842,0.222225,0.135002,-0.08116,0.02313,0.0,0.0,0.066395,0.30636
2020-10-05,0.077888,0.124368,0.129213,0.185719,0.089132,0.120085,0.05786,0.11438,0.103252,0.246655
2020-10-06,0.07555,0.173134,-0.00915,0.206217,0.074093,-0.00622,0.0,0.08808,-0.041667,0.20806
2020-10-07,0.15276,0.058459,0.023144,0.096244,0.166525,0.016076,0.0,0.0,0.26556,0.1366
2020-10-08,-0.086114,0.107408,0.152616,0.13609,0.014838,0.10056,0.0,0.0,0.069962,0.0
2020-10-09,0.116578,0.046356,0.0,0.26195,-0.093736,0.147898,0.0,0.0,0.153521,0.08092
2020-10-12,-0.018732,0.271884,0.178728,0.164693,0.048292,0.153326,0.04046,0.0,0.146463,0.19068
2020-10-13,-0.068061,-0.084316,-0.09546,0.061276,-0.05198,0.186382,0.0,0.0,-0.030493,-0.009
2020-10-14,0.228082,0.126913,0.02732,0.13283,0.110884,0.14747,0.11718,0.05267,0.0043,0.16392
2020-10-15,0.144693,0.040057,0.26669,0.16293,0.182273,0.146973,0.11988,0.0,0.145797,0.11438
2020-10-16,0.010175,0.231473,-0.019179,0.56552,0.002545,0.10715,0.11124,0.0,0.078553,0.0
2020-10-19,0.274837,0.24128,0.023919,0.179707,0.170962,0.214345,0.24242,0.0,0.020802,0.07921
2020-10-20,0.0,0.183925,0.112593,0.139752,0.22175,0.06233,0.0,0.14538,0.020385,0.0
2020-10-21,0.022347,0.18137,-0.030615,0.006058,0.160096,0.10532,0.068,0.0296,0.14243,0.05977
2020-10-22,0.018023,0.016975,0.120038,0.104093,-0.022654,-0.041991,0.058653,-0.11988,0.109958,0.10132
2020-10-23,0.138175,0.285165,0.155375,0.18292,0.030576,0.32852,0.0,0.0,0.057142,0.08167
2020-10-26,0.099449,0.05902,0.069804,0.004036,0.016858,0.226826,0.0,0.15998,0.02977,0.025755
2020-10-27,0.0,0.065585,-0.000507,0.04614,0.061437,-0.02129,0.0,0.0,0.147209,0.03558
2020-10-28,0.075494,0.070246,0.058989,0.031878,-0.008315,0.135257,0.0,0.09152,0.067211,0.0
2020-10-29,0.17301,0.036655,-0.195099,0.10489,0.205045,-0.063477,0.040402,0.0,0.12096,0.04298
2020-10-30,0.14788,0.173182,0.025266,0.085532,0.036375,0.059577,0.0,0.0,0.05574,0.08196
2020-11-02,0.064138,0.092037,-0.081841,0.09403,0.065126,0.121318,0.1041,0.0,0.031911,-0.01429
2020-11-03,-0.069559,0.149619,0.129825,0.06701,0.103877,0.162959,0.09152,0.0,0.07976,0.05719
2020-11-04,0.067666,0.025441,0.092334,0.160762,0.188358,0.181687,0.0,0.0,0.085587,0.009925
2020-11-05,-0.031197,0.158409,0.048587,0.12442,0.04715,0.092157,0.0,0.026793,0.09168,0.26086
2020-11-06,0.096711,0.055109,0.026895,0.1398,0.0,-0.009406,0.07832,0.09966,0.12655,0.1498
2020-11-09,0.205709,0.035877,0.169047,0.046666,0.209353,0.214273,0.0,0.14476,-0.015753,0.060571
2020-11-10,0.026925,0.097805,0.026431,0.1362,0.212596,0.119782,-0.068,0.0,-0.022237,0.05464
2020-11-11,-0.101235,0.088983,0.17864,0.147834,0.0,0.03929,0.049333,0.06124,0.129456,0.05914
2020-11-12,0.07258,0.084226,0.342467,0.169284,-0.01531,0.034133,0.04404,0.0,0.184867,0.18991
2020-11-13,0.086965,0.12708,0.111893,0.114513,0.1716,0.09176,0.14838,0.10534,-0.006775,0.0
2020-11-16,0.125346,0.18228,0.209472,0.124984,0.029619,0.111654,0.14817,0.0,0.286207,-0.07041
2020-11-17,0.115872,0.266646,0.0,-0.0314,0.025965,0.11739,0.08808,0.0,0.197117,0.0
2020-11-18,0.00898,0.080777,0.059453,0.117388,0.150373,-0.025841,0.0,0.08808,0.200415,0.12498
2020-11-19,0.070459,-0.037404,0.08038,0.198529,0.056203,0.019246,0.08252,0.0,-0.02127,-0.03182
2020-11-20,-0.03622,0.090444,0.0,0.102047,0.035198,0.059929,0.0,0.0,0.138293,0.021213
2020-11-23,0.034527,0.171667,-0.024238,0.028934,0.192443,0.128926,0.04046,0.0,0.07102,0.122887
2020-11-24,0.099093,0.032135,-0.14315,0.135245,0.04767,0.045141,0.08808,0.06427,0.0,0.04046
2020-11-25,0.042552,0.157887,0.122612,0.000515,0.04019,0.223187,0.107173,0.0,0.074547,0.15148
2020-11-27,0.17606,0.11065,0.059743,0.206133,-0.031293,0.105186,0.0,0.00506,0.16755,0.10534
2020-11-30,0.060347,0.112,0.215179,0.022825,0.168283,0.095545,0.04046,0.15484,0.031302,0.10889
2020-12-01,0.08808,0.14459,0.10927,0.31537,0.04019,0.03421,0.12248,0.068,0.026777,0.05464
2020-12-02,-0.09878,0.015388,0.148931,0.11765,0.207675,-0.001567,0.09152,0.03818,0.160195,0.22591
2020-12-03,0.027834,0.09779,0.01289,0.09838,0.12249,0.115424,0.0,0.20356,0.043243,0.0
2020-12-04,0.10051,0.078667,0.003914,-0.02116,0.067488,0.08516,0.0,0.0,0.15045,0.09046
2020-12-07,0.039542,0.098967,0.080325,0.048541,-0.06024,0.067397,0.0,0.09534,0.070008,0.05464
2020-12-08,0.061162,0.060713,0.055135,0.047122,0.109753,-0.001638,-0.008533,0.0,0.10759,0.20324
2020-12-09,0.209395,-0.0014,0.039928,0.080543,-0.04939,-0.043266,0.050373,0.00258,0.217407,0.2295
2020-12-10,0.152338,0.2186,0.277084,0.140775,0.063135,0.000191,0.0592,0.0,0.236038,0.050047
2020-12-11,0.048531,0.143473,-0.233304,0.090135,0.301453,-0.075861,0.0,0.0,0.045279,0.0281
2020-12-14,0.048268,0.047322,0.07815,0.120067,0.142115,0.093333,0.0,0.015272,0.075916,0.07999
2020-12-15,0.094276,0.184012,0.201133,0.211165,0.227207,0.19887,0.0,0.08424,0.064346,0.0
2020-12-16,0.0,0.278874,0.008927,0.307987,0.113275,0.12286,0.0,0.15158,0.04046,0.0
2020-12-17,0.017133,0.17274,0.11718,0.262859,0.055705,0.141362,0.08808,0.0,0.232714,0.12379
2020-12-18,0.006408,0.257241,0.0367,0.0,0.17505,0.026724,0.0907,0.03637,0.19258,0.05464
2020-12-21,0.062107,0.127521,0.134057,-0.029943,0.27162,0.227041,0.15333,0.02732,0.062481,0.16894
2020-12-22,-0.00429,0.086088,-0.018832,0.14948,0.040536,0.113193,0.0,0.0,0.16148,0.0296
2020-12-23,0.027115,0.131257,0.09534,0.16838,0.053412,0.286387,0.0,0.0,0.12294,0.05464
2020-12-24,0.01639,0.194871,0.045567,0.1967,0.21546,0.12241,0.0,0.08808,0.105283,0.0
2020-12-28,0.180022,0.245262,0.04998,0.100801,0.14919,0.195949,0.0,-0.02054,0.145909,0.27189
2020-12-29,0.1016,0.160106,0.05727,-0.33084,0.013487,0.199215,0.09534,0.0,-0.039792,0.0
2020-12-30,0.06124,0.35562,0.02582,0.03512,0.12084,0.072314,0.06364,0.0,0.169955,0.0
2020-12-31,0.060379,0.325483,0.046713,0.306391,0.130897,0.104459,0.08038,0.04074,0.12261,0.08808
2021-01-04,0.017933,0.107026,0.066358,0.197742,0.14343,0.038453,0.04404,0.0,0.13137,0.039225
2021-01-05,0.060412,0.090157,0.123177,0.14169,0.18425,0.07222,0.12264,0.0,0.056595,0.12738
2021-01-06,0.111202,0.06937,-0.019253,0.173189,0.04191,0.176581,0.0843,0.0296,0.093531,0.0
2021-01-07,0.16188,0.107911,0.054873,0.039557,-0.0477,-0.073473,-0.06824,0.0,0.018994,0.05464
2021-01-08,0.0,0.208589,0.093421,0.08542,0.0,0.001569,0.010928,0.05464,0.034393,0.10117
2021-01-11,0.21937,0.147557,0.12099,0.006916,-0.109573,0.156152,0.13232,0.17246,0.053321,0.13816
2021-01-12,-0.033755,0.140301,-0.012151,0.038449,0.159785,0.076173,0.0,0.015253,0.02641,0.24381
2021-01-13,-0.04493,0.12172,0.027895,0.083648,0.15412,0.233224,0.0,0.125073,0.071202,0.124967
2021-01-14,0.045872,0.06798,0.038355,-0.013831,0.120255,0.161127,0.0,0.0,0.12328,-0.07636
2021-01-15,0.044183,0.152797,0.161743,0.235891,0.1204,0.08051,0.0,0.18457,0.072098,0.08808
2021-01-19,0.042886,0.083588,0.157027,0.120098,0.10955,0.029586,-0.17012,0.0,0.060899,0.02732
2021-01-20,-0.2,-0.054398,-0.01909,0.068199,0.34577,0.0296,0.0,0.00255,0.109487,0.02023
2021-01-21,-0.043655,-0.050777,-0.230585,0.089455,0.02023,0.00817,0.05078,0.0,0.168503,0.0
2021-01-22,0.078155,0.027118,0.039958,0.045916,0.0,0.06635,0.07224,0.0,0.131803,0.09966
2021-01-25,0.075475,0.05452,0.11744,0.189128,0.169618,0.2363,-0.0448,0.083007,0.117135,0.11417
2021-01-26,-0.018939,0.112581,0.37006,0.156649,-0.003667,0.094288,-0.008533,0.019733,0.078553,0.039588
2021-01-27,0.001328,0.024555,0.124393,0.000727,0.088737,0.062986,0.0,0.11398,0.210628,0.29754
2021-01-28,0.162858,0.112491,0.079498,0.042227,0.181212,0.117184,0.100825,0.0,-0.083051,0.18616
2021-01-29,0.058777,0.123768,-0.198302,0.098247,-0.06378,0.109178,0.04046,-0.02821,0.105405,0.11356
2021-02-01,0.413453,0.077556,0.099432,0.072459,0.23297,-0.042303,0.016076,0.12498,0.22742,0.10162
2021-02-02,0.126383,0.192793,-0.001944,0.240183,0.043325,0.025301,0.0,0.04046,0.32508,0.05464
2021-02-03,0.009293,-0.016531,0.012773,0.203556,0.065642,0.03705,0.02064,0.11442,0.135792,0.066143
2021-02-04,-0.023813,0.213289,0.12944,-0.020972,0.101243,0.09231,0.0,0.0,0.074382,0.05618
2021-02-05,0.068705,-0.142148,0.036961,0.080357,0.264975,-0.01546,0.0,0.05719,0.171953,0.06764
2021-02-08,-0.007988,0.09791,0.119558,-0.007614,-0.03992,0.177959,0.08928,0.15822,0.07727,0.08726
2021-02-09,0.017104,0.050414,0.01591,0.01008,0.18605,0.059087,0.099213,0.0,0.034,0.05464
2021-02-10,-0.023785,0.096822,-0.1175,0.009807,0.199836,0.090151,0.04588,0.0,-0.01145,0.08463
2021-02-11,0.120215,0.093956,0.043355,0.166265,0.03291,-0.05267,0.0,0.08808,0.011866,-0.00966
2021-02-12,0.153,0.043277,0.019595,0.0,0.07707,0.199647,0.0,0.42962,0.094733,0.11192
2021-02-16,0.108418,0.062026,0.099493,0.100368,-0.03931,-0.184833,0.08116,0.05719,0.03869,0.33837
2021-02-17,-0.007727,0.109582,-0.02203,0.175466,0.112893,0.026657,0.11369,0.0,0.128401,0.2889
2021-02-18,0.1184,0.191657,0.116807,0.06104,0.11442,0.085484,0.06926,0.0,0.07062,0.19068
2021-02-19,0.1272,0.098903,0.26348,0.12478,0.102513,0.215531,0.06131,0.034,0.15548,0.2403
2021-02-22,0.147552,0.059426,0.120514,-0.02732,0.191966,0.100633,0.010287,0.0,0.18842,0.16392
2021-02-23,0.147687,0.090593,0.237803,-0.052832,0.05736,0.051373,0.00957,0.04046,0.218798,0.07258
2021-02-24,-0.019179,0.037638,-0.025846,0.038975,0.11243,-0.085222,0.0,0.022667,0.067907,-0.03188
2021-02-25,0.004498,0.122872,0.10587,0.146851,0.171823,0.113479,0.0,0.031408,-0.00628,0.0
2021-02-26,0.05897,0.18211,0.01366,0.05662,-0.11126,0.011262,0.0296,0.07034,0.093062,-0.0592
2021-03-01,0.01693,0.181158,0.251738,0.001716,0.12715,-0.040419,0.00267,0.29812,0.10367,0.03738
2021-03-02,0.16122,0.03705,-0.053191,0.23106,0.06078,0.0147,0.0,0.0,-0.041973,-0.05672
2021-03-03,0.056626,0.029798,0.004489,0.01108,0.19836,0.033327,0.0,0.00172,0.13616,0.04046
2021-03-04,0.154,-0.081797,0.102445,0.138412,-0.019427,0.06155,0.0592,0.11148,0.05234,0.11126
2021-03-05,0.109857,0.125262,0.112533,0.128544,-0.01999,0.039943,0.068,0.0,0.05286,0.03894
2021-03-08,-0.068966,0.105338,0.104069,0.133695,0.03944,0.122998,0.059693,0.22386,0.211382,-0.04019
2021-03-09,0.15458,0.098105,-0.103652,-0.016952,0.0,0.081303,0.0,0.0,-0.010105,-0.03412
2021-03-10,0.109938,0.151287,0.11135,0.230563,0.08512,0.068946,0.04278,0.03558,0.12498,0.15676
2021-03-11,0.131566,0.084396,0.175623,0.046527,0.028588,0.249217,0.12827,0.0,0.079369,0.0
2021-03-12,0.156609,0.149183,0.09534,0.071023,-0.02408,0.13777,0.0592,0.08768,0.14107,0.1127
2021-03-15,0.086738,0.234024,0.088743,0.208765,0.206493,0.215113,0.0,0.285547,0.025908,0.14944
2021-03-16,0.038728,0.193724,-0.059923,0.071535,0.11544,-0.00766,0.0,-0.011293,-0.03512,0.038333
2021-03-17,0.1295,0.090702,0.006847,0.15257,0.07621,-0.012005,0.02732,-0.01027,0.1967,0.0
2021-03-18,-0.007813,0.128579,-0.038533,0.026525,0.118813,-0.09713,0.0,0.1948,0.113533,0.068
2021-03-19,0.117607,0.054422,0.16752,-0.015564,0.17922,-0.06015,0.068,0.0,0.0592,0.0
2021-03-22,-0.002485,0.087212,0.006773,0.262805,0.004674,0.05024,0.04046,0.0,0.079411,0.0
2021-03-23,0.022164,0.163071,-0.123693,0.220035,0.07651,0.11825,-0.05,0.0,0.203917,0.02732
2021-03-24,0.18495,0.173025,-0.013957,0.089813,0.17994,0.094993,0.05464,0.0,-0.025705,0.0
2021-03-25,-0.002476,0.084116,0.141153,0.015588,0.14908,-0.068,0.10569,0.11968,-0.00588,0.17796
2021-03-26,0.034595,-0.025307,0.198002,0.210324,0.012458,0.079321,-0.1184,0.0,-0.00811,0.0592
2021-03-29,0.113534,0.261452,0.13676,0.018072,0.283857,0.22221,0.0,0.06455,0.15544,0.189435
2021-03-30,0.12869,0.105048,0.267773,0.022658,-0.04795,0.165867,0.0,0.07636,0.213053,0.0
2021-03-31,0.0,0.125685,0.167963,0.063425,0.05041,0.067298,0.0592,0.0,0.056687,0.05464
2021-04-01,0.06819,0.023637,-0.2929,0.153502,0.02037,0.087033,0.0,-0.05884,0.002878,0.042293
2021-04-05,0.344484,0.149303,0.064484,0.163813,0.105675,0.169832,0.12109,-0.043273,0.137203,0.05324
2021-04-06,0.093974,0.112166,0.026504,-0.022788,0.07364,-0.007865,0.03558,0.09534,-0.045511,0.0
2021-04-07,0.01686,-0.076091,-0.04108,0.118085,0.19962,0.063573,-0.06364,0.08038,0.07943,0.05464
2021-04-08,0.230767,0.292769,0.07392,0.013633,0.185678,0.065293,0.13014,0.0,0.0522,0.23976
2021-04-09,0.041714,0.148097,-0.15111,0.023962,0.13897,0.181258,0.0,0.0,0.125882,0.05464
2021-04-12,-0.11116,0.179964,0.14817,0.199456,0.080368,0.13004,0.04046,0.19772,0.076795,0.20356
2021-04-13,0.196944,0.140328,0.147887,0.241163,-0.002797,0.265575,0.0,0.0,0.081863,0.045533
2021-04-14,0.16172,-0.008063,0.060633,0.119782,-0.011447,0.086472,0.1175,0.0,0.073987,0.34237
2021-04-15,0.01089,-0.013321,0.00174,0.083267,0.10661,0.1546,0.0,0.09176,0.16139,0.07201
2021-04-16,0.09808,0.155438,0.084713,0.201463,-0.05,0.006327,0.0,0.0,0.012846,0.0
2021-04-19,-0.026015,0.06033,0.040485,0.162035,0.044013,0.151527,0.20092,0.01591,0.040117,0.04523
2021-04-20,0.018643,0.021136,0.15418,0.26226,0.087593,-0.021778,-0.00516,0.0,0.049568,0.19656
2021-04-21,0.049769,0.084737,0.028655,0.099473,0.24697,0.036237,0.19538,0.0,0.02798,0.072614
2021-04-22,0.017219,0.191458,0.02112,0.082283,0.048555,0.09017,0.041076,0.08038,0.134533,0.111285
2021-04-23,0.136241,0.114343,-0.0473,0.189753,0.11148,0.06192,0.04404,0.15566,0.060675,0.05464
2021-04-26,-0.036937,0.140892,-0.01554,0.229288,0.241355,0.069533,0.0,0.0636,0.142962,0.0655
2021-04-27,0.031104,0.025712,0.039467,0.171281,0.221282,0.116843,0.0684,0.0,0.147788,0.04525
2021-04-28,0.215707,0.152062,0.188026,0.004457,0.138827,-0.015243,0.11148,0.112087,0.054177,0.10696
2021-04-29,0.124181,0.082365,0.120393,0.0896,0.120769,0.005193,0.019733,0.099266,0.1084,0.0
2021-04-30,0.107887,0.082407,0.203975,0.052839,0.15299,0.043036,-0.04526,0.1698,-0.004823,0.197405
2021-05-03,0.156447,0.079419,0.095535,0.225975,0.206934,0.02985,0.02732,0.18342,0.029654,0.1341
2021-05-04,0.263486,0.121662,0.041635,0.146476,0.10431,0.100888,-0.012938,0.0,-0.008705,0.21564
2021-05-05,0.062288,0.015803,0.06743,0.055478,0.22193,0.192397,0.17182,0.0,0.141877,0.04424
2021-05-06,-0.006367,0.137278,0.20033,0.083508,0.0,0.19809,0.04404,-0.0121,0.11095,0.0
2021-05-07,0.082353,-0.06119,-0.037505,0.032863,0.068,0.01958,0.0,0.0,0.151187,0.11384
2021-05-10,-0.11144,0.0988,0.113021,0.043842,0.080463,0.19173,0.15298,0.0,0.079573,0.354671
2021-05-11,0.20482,0.032663,-0.042772,0.00228,0.08038,0.047258,0.06808,0.0592,0.00184,0.0
2021-05-12,0.08715,0.00905,0.088287,0.033303,0.41316,0.082209,0.09878,0.13958,0.13212,0.13502
2021-05-13,0.0,0.227884,0.0,0.10682,-0.017187,0.07377,0.0,0.0,-0.02023,0.07636
2021-05-14,0.0,-0.025479,-0.017033,0.064928,0.13678,0.0303,0.0592,0.0,0.08216,0.10212
2021-05-17,0.008176,0.025901,0.183455,0.291996,0.123194,0.151741,0.113696,0.0,0.030507,0.05464
2021-05-18,0.001378,0.116448,-0.011775,0.152507,0.06572,0.007116,0.05904,0.0,0.14354,0.07224
2021-05-19,0.032966,0.070029,-0.047685,0.174703,-0.068,0.02997,-0.08038,0.0,-0.116409,0.13816
2021-05-20,0.109577,0.206038,0.04046,0.062717,0.071647,0.13894,0.0,0.0,0.131965,0.19335
2021-05-21,0.212223,0.094796,0.02989,-0.001577,0.24296,0.16063,0.03182,0.0,0.22672,0.12738
2021-05-24,-0.01565,0.167027,0.115893,0.03119,0.250089,0.145455,0.0845,0.04632,0.20259,0.16822
2021-05-25,0.16215,0.136484,0.135343,0.126187,0.17548,0.0,0.08038,0.23349,-0.028804,0.05464
2021-05-26,0.044629,0.079069,0.309022,0.075025,0.0,0.036297,0.0,0.0,0.26042,0.0743
2021-05-27,0.118326,0.226682,0.066481,0.009452,0.150243,0.074398,0.14282,-0.01027,0.180852,0.14538
2021-05-28,0.401924,0.341207,-0.025832,0.201677,0.064727,0.07224,0.08954,0.20112,0.11633,0.05464
2021-06-01,0.154908,0.265916,0.085054,0.07844,0.162071,0.14226,0.07872,0.0797,0.056664,0.12061
2021-06-02,0.12601,0.154718,0.137284,0.165604,0.15079,0.04078,0.0,0.11438,0.105587,0.26078
2021-06-03,0.002713,0.20841,0.22661,-0.005325,0.17524,0.171613,0.16076,0.10102,0.04951,0.0
2021-06-04,0.295435,0.112115,0.0,0.27615,-0.01202,0.13876,0.0,0.0592,0.090086,0.12493
2021-06-07,0.133511,0.086874,-0.2298,0.216018,0.0886,0.231355,0.088285,0.09329,0.187928,0.0
2021-06-08,0.282727,0.056349,0.1408,0.144227,0.09878,0.05691,0.07224,0.0,0.15052,0.12498
2021-06-09,0.0,0.07266,0.062506,0.148037,-0.016589,0.09079,0.0,0.0,0.07993,0.05464
2021-06-10,0.064154,0.06159,0.12267,0.109947,0.12728,0.110793,0.0,0.15928,0.119708,0.0
2021-06-11,0.117897,0.026685,0.033855,0.138207,0.028258,0.2827,0.0,0.0,-0.005985,0.0
2021-06-14,0.100927,0.156201,0.204348,0.022173,0.147458,0.06364,0.20374,-0.01544,-0.025934,0.141205
2021-06-15,0.09738,0.191625,0.235529,0.18226,0.15709,-0.009253,0.0,-0.0592,0.0,0.12498
2021-06-16,0.22462,0.090425,0.229142,0.017823,0.0,0.190915,0.0,0.078933,0.109113,0.0
2021-06-17,0.23835,0.070945,0.032007,0.058728,0.072053,0.0,0.035412,0.09534,-0.017538,0.08038
2021-06-18,0.0,0.268815,0.09314,0.101878,0.18343,0.01314,0.0888,0.09769,0.075038,0.0
2021-06-21,0.17274,0.030614,0.101627,0.036677,0.281523,0.12131,0.026973,0.0,0.103423,0.100582
2021-06-22,-0.1077,-0.002869,0.053485,-0.103095,0.0592,-0.07773,0.04215,-0.04046,0.03564,0.0
2021-06-23,-0.003573,0.135323,0.13546,0.15927,0.18658,0.04404,0.0,0.0,0.054536,-0.05519
2021-06-24,-0.109907,0.174862,0.142672,0.163155,0.08786,0.013487,0.07894,-0.07636,0.214947,0.21954
2021-06-25,0.03293,0.058239,0.097813,-0.040109,0.097326,0.0167,0.030153,0.06369,0.31194,0.14192
2021-06-28,0.193076,0.089757,-0.057015,0.039691,0.13154,0.10276,0.0,0.012887,0.053217,0.20499
2021-06-29,0.08808,-0.024839,0.509124,0.09911,0.0392,0.17492,0.00516,0.0,0.266095,0.1775
2021-06-30,0.166559,-0.02797,0.085783,0.041188,0.064515,0.030507,0.0,0.0,0.062079,0.04939
2021-07-01,0.14739,0.102725,0.09316,0.111532,0.0296,0.15717,0.04046,0.29902,0.128393,0.02732
2021-07-02,0.0216,0.18076,0.286435,0.104077,0.45387,0.01138,0.0592,0.24758,-0.050253,0.05464
2021-07-06,0.0449,0.121667,-0.054393,-0.063687,0.012908,0.00134,0.06361,0.1776,0.15541,0.08856
2021-07-07,0.031904,0.190772,0.013188,-0.060031,0.24808,0.125847,0.0,0.17292,0.20768,0.0592
2021-07-08,0.16462,0.00161,0.153505,0.037611,0.062165,0.08714,-0.04888,0.0,0.123015,0.12697
2021-07-09,0.184553,0.09102,0.15546,0.205955,0.0,0.04166,0.0,-0.02732,0.116375,0.02732
2021-07-12,0.097925,0.098402,0.150788,0.150774,0.075003,0.16556,0.07636,0.0,0.107483,0.036427
2021-07-13,0.11024,0.161994,-0.01418,0.13809,0.0296,-0.08556,0.0,0.0,0.09878,0.04182
2021-07-14,0.022667,0.052529,0.08196,0.132937,0.16252,0.04404,0.0,0.02023,0.013888,0.068
2021-07-15,0.050353,0.041161,0.001401,0.046794,-0.01531,0.0,0.08038,0.0,-0.004392,-0.06364
2021-07-16,0.017056,0.092463,0.090625,0.1668,0.13194,0.07506,0.068,0.0,0.074024,0.19391
2021-07-19,0.271757,0.017716,-0.136662,0.022903,-0.01058,0.05859,-0.01363,-0.11438,-0.058755,0.0341
2021-07-20,0.240516,0.114164,0.43356,0.193689,-0.01027,0.0,0.08084,0.0,0.09947,0.05464
2021-07-21,-0.02202,0.104026,0.297113,0.224808,0.0,0.05925,-0.032927,0.0,0.079715,-0.03182
2021-07-22,0.144532,0.039744,0.093163,0.24904,-0.033357,0.054475,0.095724,0.0592,0.01493,0.041695
2021-07-23,0.055617,0.112017,0.211575,0.10755,0.0,0.072555,0.0,0.0,-0.038142,0.10084
2021-07-26,0.009572,0.064637,0.024343,0.023043,0.15766,-0.030857,0.06344,0.09671,0.100986,0.271303
2021-07-27,0.0602,0.109317,0.0,0.165706,-0.03526,0.058817,0.11778,0.0,0.015842,0.0
2021-07-28,0.052093,0.166727,0.113825,0.073063,0.122777,0.139907,0.0,0.0296,0.101247,0.0
2021-07-29,0.089753,0.199063,0.069701,0.25199,0.095577,0.11099,0.20673,-0.068,0.118068,0.09878
2021-07-30,0.02263,0.04146,0.087402,-0.02316,0.050972,0.071542,0.0592,0.0,0.14521,0.0
2021-08-02,0.039843,0.217678,0.040446,0.327397,0.171493,0.082473,0.0,0.02398,0.064354,-0.09325
2021-08-03,0.107703,0.074226,0.198897,0.047256,0.121193,0.02023,0.112625,0.05859,0.062338,0.0
2021-08-04,0.08381,0.03111,0.0,0.06202,0.141985,0.09478,0.0,0.0,-0.030248,0.02732
2021-08-05,0.058223,0.261665,0.038979,-0.041524,0.1089,0.141575,0.0,0.0,0.0809,0.173333
2021-08-06,0.10435,0.11432,0.024867,0.006647,0.07636,0.00293,0.0,0.0888,0.061752,0.06651
2021-08-09,0.147857,0.124042,-0.020417,0.164824,0.146725,0.165693,0.018213,-0.005135,0.043475,0.15199
2021-08-10,0.052223,0.03614,-0.053127,0.162755,0.046907,0.072673,0.01366,0.18658,0.004236,0.14616
2021-08-11,-0.0359,0.04983,0.116127,0.083087,0.12076,-0.065554,-0.084304,0.17572,0.0,0.02732
2021-08-12,0.266127,0.066663,0.02286,0.177933,0.19107,0.0,0.08038,0.0592,0.123947,0.02411
2021-08-13,0.13891,0.307906,0.0148,0.062668,0.11148,-0.0296,0.0,0.0,0.023295,0.1458
2021-08-16,0.033889,0.06067,0.050014,0.064063,0.097128,0.047225,0.04046,0.04397,0.02288,0.114803
2021-08-17,0.1275,0.037523,-0.153445,0.023706,0.25926,0.11148,0.1435,0.0592,-0.026287,0.0592
2021-08-18,-0.062116,0.069952,0.017855,0.088235,0.25174,-0.02528,0.12294,0.27971,0.300772,0.0
2021-08-19,0.032814,0.101837,0.091399,0.15599,0.02858,0.04215,-0.01531,0.05,0.063526,0.0
2021-08-20,0.025723,0.140588,-0.18184,-0.04398,0.068,-0.1569,0.00814,0.0592,-0.05811,0.30866
2021-08-23,0.215102,0.031409,0.099655,0.17448,-0.02345,0.146813,0.08906,-0.02054,0.103185,-0.00416
2021-08-24,0.179793,0.019066,0.004947,0.10009,0.093773,0.2178,0.0,0.0592,0.009739,-0.046467
2021-08-25,0.04404,0.124094,0.02732,0.16136,0.05234,0.0363,0.0,0.12136,0.01366,0.00464
2021-08-26,0.14347,0.124361,0.055644,-0.0505,0.0345,0.0,0.0592,0.0,0.187971,0.0
2021-08-27,0.35937,0.058193,0.002535,0.07888,0.195243,0.095162,0.09878,0.02023,-0.0107,0.0
2021-08-30,0.101002,0.158706,-0.137176,0.04046,0.196307,0.037207,0.11148,-0.00706,0.270079,0.2196
2021-08-31,0.032527,0.06124,0.080147,0.159473,-0.01909,0.12675,0.022667,0.0,-0.015545,-0.05464
2021-09-01,0.0,0.247881,-0.062762,0.081215,0.071297,0.0,0.0,0.05464,-0.024333,0.10398
2021-09-02,0.03255,-0.011259,0.215834,0.180161,0.111787,0.00469,0.0,0.0,0.25963,0.11828
2021-09-03,0.189527,0.204687,0.109787,0.073333,0.0,0.01882,0.0,0.01032,0.177833,0.0
2021-09-07,0.14386,0.199959,0.200114,-0.063713,0.229322,0.159808,0.026793,0.12202,0.194895,0.045767
2021-09-08,0.129202,0.103635,0.097231,0.16177,-0.02143,0.156547,-0.10744,0.01672,0.08069,0.0
2021-09-09,-0.078913,0.064837,0.307979,-0.038935,0.008285,0.0,-0.03078,0.0,0.189472,0.0
2021-09-10,0.07243,0.150922,-0.030255,-0.103997,-0.021213,-0.02471,0.0,0.106187,-0.105273,0.1445
2021-09-13,0.244116,0.133685,0.064276,0.047967,0.268731,0.060873,0.070073,0.0,0.0527,0.04946
2021-09-14,0.128243,0.155928,-0.02935,0.133525,0.12614,0.019733,0.07636,0.20424,0.194275,0.0
2021-09-15,0.004713,0.02382,-0.034371,0.198323,0.137822,-0.00975,0.0,0.0,0.066424,0.43908
2021-09-16,0.00596,-0.022214,-0.021932,0.0976,0.18984,0.026793,0.0592,0.0141,0.200643,0.10212
2021-09-17,0.052243,0.205213,0.030507,0.137427,0.034285,0.0,0.12798,0.0,-0.004447,-0.06364
2021-09-20,0.303408,0.165463,0.053949,-0.089165,0.069951,-0.00253,0.12561,0.05859,0.292943,0.06789
2021-09-21,0.0617,0.112199,0.12421,-0.020777,0.09152,-0.02263,0.0,0.034,0.111172,0.08481
2021-09-22,0.159784,0.242983,0.099693,0.102479,-0.06726,0.02936,0.03682,0.06069,0.080919,0.11834
2021-09-23,0.04259,0.221734,0.174252,0.006608,0.219124,0.264093,0.0,0.0,0.043248,0.15151
2021-09-24,0.05194,0.026449,-0.04978,0.1464,-0.029487,0.0128,0.0,0.0,0.17522,0.0
2021-09-27,0.15547,0.127241,0.003622,0.150233,0.263595,0.042776,0.04019,0.14803,0.18366,0.24369
2021-09-28,0.140023,0.105053,0.007547,0.256445,0.180621,0.057367,0.0,0.10534,0.151244,-0.0088
2021-09-29,-0.0542,0.188269,0.017446,0.00801,0.278342,0.0843,0.0,0.0,0.170545,0.05267
2021-09-30,0.103427,0.085507,0.099253,0.076181,0.00359,0.139327,0.12498,0.12084,0.169572,-0.079813
2021-10-01,0.16461,0.15252,0.09469,0.129622,0.059456,0.0843,0.0,0.0,-0.171766,0.0
2021-10-04,0.01814,0.184491,0.130295,0.036401,0.132982,0.096746,0.0,0.0,0.163959,-0.055533
2021-10-05,-0.00452,-0.021575,0.21606,0.0472,0.001314,0.019733,-0.00412,0.0,0.13896,0.01366
2021-10-06,0.021337,0.166974,0.14254,0.117773,0.046247,-0.143421,0.102541,0.14811,0.054024,0.0
2021-10-07,0.236742,0.02143,0.113819,0.062368,0.083343,0.0,0.12738,0.0,-0.010752,0.09878
2021-10-08,0.01919,0.07655,0.053786,0.14272,0.042577,0.03917,0.148,0.20374,0.059834,0.0
2021-10-11,0.186583,0.10503,0.034707,0.16343,0.039219,0.37552,0.1889,0.08038,0.055947,0.155917
2021-10-12,0.18191,0.17413,0.07396,0.011512,0.224786,0.0,-0.08155,0.0,0.213829,0.0
2021-10-13,-0.104807,0.064122,0.173147,0.136771,-0.055432,0.0965,-0.008615,0.20754,0.119463,-0.07636
2021-10-14,-0.001045,0.20767,0.111135,0.286406,0.0,0.14743,-0.05106,0.064683,0.053556,-0.00858
2021-10-15,0.16146,0.260347,0.173063,0.215254,0.1066,0.080905,0.0592,0.09084,0.12802,0.16632
2021-10-18,0.17103,0.055069,0.09308,0.03197,0.234181,0.124453,0.12498,0.0,0.079231,0.0679
2021-10-19,0.065907,0.035438,0.233526,-0.12944,-0.029843,0.067747,0.0,0.07636,0.274712,0.03612
2021-10-20,0.040507,0.18306,0.084182,-0.03047,0.069664,0.0294,-0.01779,0.05,0.138253,0.182548
2021-10-21,-0.012994,0.003927,0.078902,0.024579,0.241105,0.05244,0.088918,0.0984,0.087662,0.0
2021-10-22,0.195673,0.089927,0.135102,-0.099153,0.035276,0.06249,0.08038,0.14368,0.154961,0.14152
2021-10-25,0.368036,0.111214,0.145379,0.008701,0.03323,0.030143,0.07487,0.02023,-0.023132,0.14616
2021-10-26,0.270757,0.023364,0.153566,0.130563,-0.044615,0.055439,-0.01531,0.07828,0.094691,0.05464
2021-10-27,0.1139,0.203141,0.021904,0.039958,0.125541,0.011033,0.10534,0.06069,0.032589,0.04404
2021-10-28,0.07441,-0.000652,0.083028,0.098585,0.108929,0.142226,0.009627,0.10249,0.25319,-0.0555
2021-10-29,0.18426,0.059804,0.341947,0.174487,0.008901,0.01261,0.0,0.101353,0.060548,0.05464
2021-11-01,0.076485,0.108028,0.085829,0.184029,0.284601,0.04246,0.0,0.0,0.252678,0.17616
2021-11-02,0.23997,0.186964,0.000907,0.029962,0.110253,0.02459,-0.118454,0.013487,0.150817,0.0
2021-11-03,0.12103,0.176774,0.013253,0.099645,0.079653,0.05423,0.0,0.0,0.201854,0.01087
2021-11-04,0.139505,0.108447,0.152678,0.2229,0.104346,-0.02464,0.0,0.0765,0.200369,0.053655
2021-11-05,0.16154,0.27509,0.135598,0.07658,0.211867,0.159693,0.04215,0.0,-0.023137,0.074553
2021-11-08,-0.157947,0.093031,0.141579,-0.01387,0.147691,0.009497,0.094256,0.00996,0.063098,0.05464
2021-11-09,0.10534,0.10218,0.058188,0.013873,0.071358,0.070146,0.0592,0.12903,0.084967,-0.0126
2021-11-10,-0.061593,0.134607,-0.0414,-0.007507,-0.0652,-0.096352,0.090293,0.0,0.090873,0.0
2021-11-11,0.105547,0.030334,0.04558,0.036383,0.195987,0.133815,-0.02023,0.16028,0.185519,-0.00258
2021-11-12,0.03292,-0.015451,0.0,0.0,0.117395,0.27281,0.081587,0.09176,0.07454,0.0843
2021-11-15,0.129412,-0.023848,0.017592,0.211194,0.100097,0.226575,0.12738,0.078239,0.134947,0.31565
2021-11-16,0.0203,0.113416,-0.011376,0.144544,0.088496,0.070465,0.07368,0.0,0.088149,0.04526
2021-11-17,-0.0024,0.286726,0.010786,0.005269,0.180665,0.072593,-0.02044,0.010115,0.029725,0.12738
2021-11-18,0.09115,0.135859,-0.022367,0.2992,-0.03626,0.0547,0.0,0.2381,0.04508,0.0592
2021-11-19,0.04325,0.086488,-0.03952,0.187219,0.13001,-0.08885,0.0,0.0,0.095955,0.11718
2021-11-22,0.064418,0.118598,0.000757,0.24498,-0.093752,0.091125,0.257095,0.199967,0.187501,0.102347
2021-11-23,0.135814,0.124912,0.233044,0.027969,0.14964,0.04576,0.05078,0.0,0.336176,0.0
2021-11-24,0.129365,0.053587,0.018213,0.06996,-0.11588,0.0,0.0,0.0592,-0.024936,0.068
2021-11-26,0.089847,0.273367,-0.03554,-0.07246,-0.070593,0.016,0.0,0.06369,-0.02265,0.0
2021-11-29,-0.13546,0.041226,-0.05344,0.014704,0.100937,0.02026,0.0,0.04166,0.128053,0.04755
2021-11-30,0.06031,0.190581,-0.023745,0.147175,0.057674,0.042847,0.08065,0.0,0.021417,0.11713
2021-12-01,0.192303,-0.080848,0.216723,-0.023855,-0.089307,-0.08699,-0.03996,0.04046,-0.0667,0.02732
2021-12-02,-0.064,0.162844,0.113959,-0.008119,-0.120227,-0.00255,-0.142207,0.189,0.177117,0.0
2021-12-03,-0.009113,0.205945,-0.003618,0.007252,0.186535,0.12738,-0.006443,-0.08424,0.143425,0.16612
2021-12-06,0.050422,0.079018,0.03753,0.030609,0.174007,0.119617,0.04767,0.02023,0.15548,0.15674
2021-12-07,0.158633,-0.027633,0.097592,0.068951,0.009253,0.13554,0.0,0.0,0.189757,0.16999
2021-12-08,0.20429,0.037383,0.135817,-0.045172,0.064227,-0.020325,0.08808,0.0092,0.043048,-0.05464
2021-12-09,0.012575,0.119395,0.004825,0.190187,0.01086,0.12253,0.19453,0.12972,0.137425,0.0
2021-12-10,0.155107,0.02115,0.158404,0.055742,0.051322,0.067047,0.068,0.14504,0.041104,0.0592
2021-12-13,0.040465,0.05103,0.056604,0.292502,0.211092,-0.021665,0.0,0.013487,0.080316,0.14066
2021-12-14,0.043993,0.103917,0.19192,0.048067,0.04976,0.13813,0.14552,0.27915,0.029258,0.1089
2021-12-15,0.073494,0.307345,0.10408,0.048496,-0.014915,0.035264,0.13558,0.10115,0.204075,0.05464
2021-12-16,0.19804,0.24237,0.09287,-0.057003,0.011854,-0.027255,0.021453,0.06124,0.082135,0.0
2021-12-17,-0.07022,0.104304,0.090232,0.110591,0.203454,0.039946,0.0,0.04404,-0.12269,0.0
2021-12-20,0.19402,0.124913,0.000553,-0.045153,0.111519,0.019167,0.03256,0.05799,0.022605,0.17284
2021-12-21,0.0592,0.090099,0.0,0.14662,0.166763,0.118055,0.0,0.27568,0.162129,0.23176
2021-12-22,0.14596,0.016043,0.04019,0.1324,0.070652,0.26862,0.0,0.0,0.545797,0.0
2021-12-23,0.074533,0.074422,-0.015327,0.09493,0.211054,0.019932,0.16787,0.0,0.122708,0.09152
2021-12-27,0.059352,0.060158,0.184108,0.19611,0.182954,0.214532,-0.02054,-0.0251,0.130797,-0.02023
2021-12-28,0.0291,0.086561,-0.033847,0.07224,0.07422,-0.036005,0.10881,0.0843,0.18943,-0.00634
2021-12-29,0.013487,0.063789,0.18332,-0.058657,0.07364,0.07849,0.12738,0.0932,0.075804,0.13183
2021-12-30,0.121371,0.077428,0.025785,0.2779,0.137434,0.0843,0.04019,0.14189,0.15874,0.17163
2021-12-31,0.013193,0.055563,0.20697,0.080673,0.12044,0.0,0.0,0.01874,0.23387,0.05464
2022-01-03,0.081515,0.052866,0.070057,0.066962,0.176955,0.24409,0.04046,0.06369,0.2688,0.04527
2022-01-04,0.10756,0.0,0.036173,0.086202,0.033301,0.13146,0.0,0.12289,0.061588,0.2078
2022-01-05,0.176653,0.053691,0.094873,0.129626,-0.02035,0.066793,0.018213,0.08808,0.135139,0.08158
2022-01-06,0.259594,0.154055,-0.03814,0.07243,0.31234,0.02023,0.140867,0.1184,0.15982,0.0592
2022-01-07,0.133331,0.007655,0.19564,0.068703,0.088823,0.063317,0.04019,0.0,-0.033966,0.08928
2022-01-10,0.110349,0.084414,0.137527,0.186532,0.223367,0.175934,0.0592,0.12738,0.080938,0.33099
2022-01-11,0.080425,0.134773,0.09243,0.112003,0.060673,0.070588,0.0,-0.10618,0.119373,0.0592
2022-01-12,0.158005,0.115973,0.199436,0.204448,0.102447,0.249568,0.0,-0.054225,0.14554,0.0
2022-01-13,0.1368,0.255645,0.141258,0.13048,0.115911,0.01274,0.11046,0.068,0.225387,0.15829
2022-01-14,0.0408,-0.029882,0.124254,0.098333,0.20001,0.191516,0.081867,0.0546,0.20482,0.10338
2022-01-18,-0.048118,0.032896,0.21999,0.15225,0.141332,0.066352,0.011025,-0.04019,0.181403,0.389753
2022-01-19,0.063283,0.064398,0.132347,0.124864,0.049434,0.079128,0.083713,0.1776,0.13954,0.131537
2022-01-20,0.253612,0.103737,0.109584,0.130829,0.037015,0.160899,0.0354,0.27708,0.221601,0.30875
2022-01-21,0.19382,0.17677,0.077581,0.21095,-0.079919,0.017616,0.018213,0.22897,0.087349,0.20318
2022-01-24,0.131623,0.086803,0.042173,0.185903,0.006002,0.149028,0.13702,0.16029,0.153125,0.036655
2022-01-25,-0.002763,0.079744,0.143018,0.162536,-0.057997,0.104815,0.04019,0.21207,0.030626,0.260993
2022-01-26,0.286856,0.110512,0.162466,0.089933,0.065339,0.078167,0.02023,0.02936,0.066443,0.18021
2022-01-27,0.095875,0.019297,0.081991,0.17799,0.185648,0.171019,0.119917,0.30445,0.103025,0.224647
2022-01-28,-0.142852,0.000408,0.149863,0.109074,0.10758,0.127348,0.0,0.01079,0.174963,0.227127
2022-01-31,0.093698,0.133691,0.145155,0.057903,0.138134,0.160995,-0.03386,0.42043,0.09671,0.1405
2022-02-01,0.036911,-0.077415,0.074886,0.075757,0.087483,-0.007092,0.060833,0.05719,0.126994,0.30168
2022-02-02,0.139442,-0.049135,0.133138,0.252546,0.036543,0.086578,0.06841,0.11927,0.187802,0.15904
2022-02-03,0.209042,0.227152,0.075375,0.174853,0.109345,0.119354,-0.08808,0.0592,0.140167,0.32608
2022-02-04,0.037856,0.087007,0.101035,0.078177,-0.155233,0.2371,0.034,0.0,0.037741,0.21018
2022-02-07,0.185795,0.074788,0.111369,-0.000229,0.247592,0.21522,0.06364,0.06249,0.088647,0.140333
2022-02-08,0.084515,0.154769,0.193198,0.159665,0.131413,0.0133,0.01263,0.08823,0.233244,0.15626
2022-02-09,0.256076,0.073011,0.18821,0.160817,0.233793,0.04046,0.08038,0.06493,0.147656,0.20698
2022-02-10,0.352813,0.143086,0.040017,0.012032,0.006827,0.022134,-0.03612,0.14778,0.07351,0.220264
2022-02-11,0.014603,-0.003965,0.114522,0.053121,0.249283,0.081597,0.15434,0.02023,0.040923,0.147532
2022-02-14,0.188569,0.101041,0.10457,-0.039535,-0.011488,-0.079858,0.068,0.37519,0.053582,0.24826
2022-02-15,0.18204,0.175731,0.097322,0.106783,0.023863,0.107357,0.0,0.13278,0.127294,0.2973
2022-02-16,0.06069,0.167585,0.15267,0.02699,0.134112,0.048943,-0.00392,0.1893,0.143632,0.120827
2022-02-17,0.170633,0.049109,0.043524,-0.048275,0.074006,0.058735,0.0,0.04166,0.111496,0.174503
2022-02-18,0.0,0.020261,0.101983,0.059613,0.167957,0.030375,-0.156416,-0.01779,0.141173,0.006005
2022-02-22,-0.062199,0.105217,0.0209,0.063067,0.12414,0.045742,0.217197,0.106737,0.144588,0.034141
2022-02-23,-0.13194,-0.010833,0.121989,-0.048138,0.05464,-0.06951,0.13616,0.05957,0.212077,0.045533
2022-02-24,0.02401,0.013923,-0.038516,0.025797,0.153125,0.046237,-0.0148,0.208928,0.065953,0.036813
2022-02-25,0.08038,0.091163,0.085761,0.009336,-0.03182,0.038463,0.0,0.074177,-0.042289,0.06364
2022-02-28,0.193719,0.184846,0.070235,-0.039139,0.100598,0.145776,0.0,0.01513,0.145863,0.161443
2022-03-01,0.0437,0.011299,0.055956,-0.096958,0.107587,0.118847,0.10212,0.04046,0.182353,0.089513
2022-03-02,0.087284,0.142052,0.165602,0.08833,0.06908,0.103855,0.07999,0.06597,0.145624,0.0
2022-03-03,-0.039318,0.074712,0.065564,0.21699,0.00498,0.139577,0.0,0.174575,0.064957,-0.06364
2022-03-04,0.02787,0.073591,0.07574,0.096307,0.12007,0.133817,-0.00418,0.169653,0.051969,0.156307
2022-03-07,0.055763,0.110695,0.053554,-0.005925,0.204922,0.145603,0.04526,0.054407,0.018421,0.131465
2022-03-08,0.046473,0.17688,0.12524,0.0681,-0.085295,-0.00481,0.078325,0.068,0.125293,0.02308
2022-03-09,0.10213,0.041648,0.108066,0.111696,0.05889,0.146884,0.0559,-0.03386,0.078409,0.00709
2022-03-10,0.078407,0.073162,0.115469,-0.019381,0.03315,-0.032803,0.09483,0.034,0.277834,0.06236
2022-03-11,0.038795,0.076753,0.139636,0.084974,0.153598,0.11408,0.104153,0.11364,0.079414,0.11148
2022-03-14,0.107859,0.060793,0.190857,0.17312,0.177077,0.27364,0.05,0.12754,0.264582,0.061453
2022-03-15,0.151826,0.141804,0.18264,0.004543,-0.07027,0.142213,0.11204,0.269573,0.093214,0.0951
2022-03-16,0.02732,0.086642,0.180904,0.118102,0.090958,0.008906,0.14149,0.038147,0.137368,0.12
2022-03-17,-0.095473,0.019871,0.109438,0.153066,0.025551,0.169204,0.017,0.0,0.073877,0.03066
2022-03-18,0.28582,0.114509,0.070743,0.133413,0.115553,-0.016053,0.01094,0.07003,0.147385,0.08038
2022-03-21,0.095078,0.307152,0.09989,0.059015,0.184453,0.030478,0.128973,0.094987,0.100491,-0.00516
2022-03-22,-0.11776,0.124197,0.132087,0.05984,-0.060538,-0.126527,0.0843,0.03084,0.124552,0.18884
2022-03-23,0.090015,0.105207,0.043834,0.299823,0.02742,0.005407,0.0,0.08808,0.062187,0.05464
2022-03-24,0.105215,-0.042955,0.104992,0.003654,0.161075,-0.035566,0.06637,0.03716,0.114369,0.10928
2022-03-25,-0.0843,0.117131,0.303555,0.202472,0.05841,0.19724,0.125547,0.09628,0.130068,0.01318
2022-03-28,0.103901,0.152064,0.278943,0.021341,-0.062695,0.174193,0.036153,0.0554,0.26842,0.225992
2022-03-29,0.052953,0.105601,0.112059,-0.049535,0.0409,0.126033,-0.03716,0.173707,0.065403,0.040876
2022-03-30,0.06124,0.118484,0.294733,0.079467,0.040953,0.302582,0.068,0.23599,0.147683,0.3404
2022-03-31,0.14542,0.051818,0.015157,0.011833,0.11594,0.208393,0.23979,0.02033,0.139796,0.23757
2022-04-01,0.03056,0.018913,0.173538,0.11787,0.25157,-0.043424,0.19084,0.14761,0.090314,0.077933
2022-04-04,0.147815,0.084383,0.046626,-0.005731,0.075857,0.150995,-0.02515,0.105385,0.114916,0.11148
2022-04-05,-0.069578,0.086578,0.086984,0.189116,0.161048,0.025968,0.12087,0.123888,0.029282,0.10846
2022-04-06,0.008533,0.073961,0.143655,0.085905,0.030345,0.107702,0.166453,0.07712,0.155221,0.23135
2022-04-07,0.002338,0.014387,0.139066,0.068558,0.07783,0.051603,0.0592,0.08236,0.234898,0.104993
2022-04-08,0.03356,0.149612,0.197584,0.032795,0.358438,0.074775,0.01779,0.0592,0.381933,0.0
2022-04-11,0.048662,0.183706,0.273526,0.004413,0.09282,0.022772,0.17826,-0.001377,0.234682,0.15318
2022-04-12,0.20886,0.054097,0.181358,0.058925,0.0932,0.065991,0.152981,0.28442,0.122854,0.2279
2022-04-13,0.188222,0.012542,0.18384,0.131924,0.084097,0.01094,0.280392,0.01525,0.125682,0.0
2022-04-14,-0.058744,0.106972,0.22596,0.168781,0.067693,0.06582,0.071135,0.18849,0.006592,0.09022
2022-04-18,0.035903,0.180084,0.207334,0.24753,0.033717,0.0321,0.120015,0.050885,0.09197,0.09562
2022-04-19,-0.038675,0.10733,0.219256,0.196476,-0.007744,0.051348,0.05144,-0.093864,0.170608,0.15676
2022-04-20,0.073028,-0.014678,0.19884,0.04578,0.239187,0.108454,0.069411,-0.06099,0.140301,0.00516
2022-04-21,0.156365,0.149941,0.139273,-0.089607,0.121417,0.2278,0.06708,0.027645,0.040249,0.094915
2022-04-22,0.041769,0.152052,0.075427,0.138025,0.08412,-0.08736,0.006569,0.04046,0.02736,0.138245
2022-04-25,0.068066,0.074314,0.119206,0.141232,0.230237,0.161403,0.190621,0.137047,0.153574,0.160215
2022-04-26,0.281901,0.07064,0.105785,0.157426,-0.045021,-0.023899,0.11145,0.0,0.135942,0.28776
2022-04-27,0.073011,0.051566,0.265136,0.011046,0.089063,0.052595,0.0,0.046045,0.12967,0.068383
2022-04-28,0.02522,0.171002,0.251509,-0.014191,0.105406,0.043521,-0.018213,0.12934,0.020659,0.111327
2022-04-29,0.074061,0.080414,-0.081099,0.15678,0.096828,0.222197,0.0,0.14292,0.001443,0.180227
2022-05-02,0.121806,0.117147,0.146958,0.13497,0.226363,0.063441,0.0,0.10212,0.045771,0.116435
2022-05-03,-0.01535,0.11965,0.19153,0.214657,-0.01531,0.234,-0.014173,0.03404,-0.014622,0.24271
2022-05-04,-0.01088,0.077142,0.047799,0.0,0.04046,0.118367,0.08664,0.055353,-0.022747,-0.013235
2022-05-05,-0.027333,-0.093837,0.295545,0.127162,0.059533,0.001161,0.12494,0.024773,0.275813,0.037353
2022-05-06,0.211141,0.035271,0.168324,-0.135983,0.0146,0.0974,0.00122,0.0224,0.072824,0.086524
2022-05-09,-0.02498,0.128824,0.092697,0.025053,0.035113,0.148776,0.0,0.13553,0.089083,0.049455
2022-05-10,0.045373,0.099241,0.131131,0.14088,0.141972,0.042472,0.2419,0.04052,0.199806,0.0
2022-05-11,0.043106,-0.023896,0.232197,0.083638,0.021427,0.088195,0.0,0.01781,0.107327,0.10534
2022-05-12,0.012636,0.058015,0.103317,0.095868,-0.005173,0.113313,0.269607,0.190507,0.036395,0.004685
2022-05-13,0.07741,0.064295,0.098618,0.114992,-0.01507,0.046513,0.06369,0.14161,0.099262,0.13271
2022-05-16,0.04784,0.019957,0.087219,0.036647,0.048322,0.137495,0.01806,0.101237,0.017866,0.10928
2022-05-17,0.009181,0.077277,0.087382,0.05021,-0.017348,0.115292,0.071672,0.27235,0.164021,0.31206
2022-05-18,-0.021075,0.017167,0.092236,0.102643,0.17671,0.000293,0.0592,-0.03686,0.269345,0.0
2022-05-19,0.04399,0.15134,0.118942,0.143554,0.094805,0.197977,0.130447,0.029205,0.144256,0.11063
2022-05-20,0.16309,0.136305,0.21657,0.226297,-0.036023,0.085226,0.11655,0.07936,0.279796,0.039828
2022-05-23,-0.006216,0.066513,0.109548,-0.022408,0.18671,0.128132,0.169035,0.098474,0.1604,0.15509
2022-05-24,0.095528,0.198939,0.178498,0.32992,0.013724,0.255668,-0.0568,0.19203,0.24002,0.084095
2022-05-25,0.201043,0.023675,0.154033,0.016667,-0.103865,0.207505,0.097127,0.20534,0.024118,0.10928
2022-05-26,0.21776,0.091653,0.165098,0.177105,0.202778,0.058423,0.035645,0.08823,0.242168,0.06778
2022-05-27,0.073423,0.112231,0.251074,0.11309,-0.025725,0.127237,-0.07432,0.10679,-0.004008,0.07636
2022-05-31,0.115649,0.130594,0.227413,0.061083,0.326647,0.298388,0.07277,0.095115,0.294142,0.211012
2022-06-01,0.08048,-0.057512,0.210796,0.10418,0.057442,0.238698,0.0791,0.09534,0.151446,0.34697
2022-06-02,-0.07633,0.174141,0.326854,0.06272,-0.07786,0.038463,0.00516,0.11127,0.109324,0.2118
2022-06-03,0.044489,0.029042,0.198367,-0.03326,0.052653,0.084227,0.04046,0.18933,0.114257,0.10887
2022-06-06,-0.012227,0.087905,0.148725,0.232708,0.095472,0.016852,0.05873,0.045592,0.068408,0.085027
2022-06-07,0.032595,0.179959,0.095547,0.136407,0.137343,0.32036,0.03102,0.044327,0.062565,0.16316
2022-06-08,0.191892,0.14056,0.18044,0.033697,0.2734,0.00351,0.04939,0.081804,0.072793,0.1948
2022-06-09,0.080321,0.004125,0.13054,-0.007707,0.013487,0.211094,0.02322,0.136127,0.065266,0.107347
2022-06-10,-0.03137,0.070405,0.093833,0.072619,-0.009485,0.037685,-0.09534,0.13562,0.048538,0.18683
2022-06-13,0.09077,0.11722,0.125278,0.127082,0.217304,-0.01241,0.03481,0.091788,0.121538,0.10225
2022-06-14,0.215268,0.075064,0.171208,-0.092085,-0.03083,0.184065,0.12944,0.08679,0.13441,0.09343
2022-06-15,0.04044,-0.096825,0.215458,0.058607,0.085899,0.171152,0.17692,-0.02241,0.234733,0.0
2022-06-16,0.022037,0.081741,0.06751,-0.008702,0.24372,0.074234,0.086484,0.08519,0.088348,0.03946
2022-06-17,0.136946,0.14481,0.194833,0.08931,0.208033,0.14329,-0.01089,0.230894,0.093592,0.1525
2022-06-21,0.095594,0.03636,0.052729,-0.029255,0.251916,0.187268,0.0852,0.225203,0.118188,0.10598
2022-06-22,0.082545,0.158418,0.042228,0.10756,0.018083,-0.030043,0.058973,0.153593,0.188842,0.382503
2022-06-23,0.008013,0.15621,0.089195,0.049767,-0.094679,0.130004,0.116957,0.20192,0.1661,0.153
2022-06-24,-0.014864,0.022115,-0.089814,0.301433,0.289937,0.003233,0.0592,-0.11148,-0.009808,0.06364
2022-06-27,0.09763,0.116786,0.106579,0.030147,0.192929,0.121191,0.218147,0.08831,0.214226,0.0573
2022-06-28,0.11567,0.136655,0.269013,0.116196,-0.029467,0.046589,0.2453,0.0913,0.07974,0.153723
2022-06-29,0.005245,0.021086,0.186233,0.055228,0.263697,0.172507,0.034,0.14173,0.166126,0.15226
2022-06-30,0.195922,0.117168,-0.049834,0.135406,0.04474,0.258893,0.04427,0.034,0.129808,0.14246
2022-07-01,0.31268,0.062129,0.22599,0.069183,0.041837,0.05158,0.08038,0.09706,0.176485,-0.03318
2022-07-05,0.119723,0.111668,0.079079,0.097328,0.136353,0.167485,0.15793,0.170893,0.126293,0.16784
2022-07-06,-0.108338,0.119301,0.32752,0.034422,0.00047,0.153915,0.18658,-0.09082,0.131968,0.24192
2022-07-07,0.0,0.010063,0.262277,0.188133,-0.012713,0.077272,-0.04032,0.088047,0.064329,0.26877
2022-07-08,0.029563,-0.057898,0.12221,0.023263,0.30364,0.08492,0.06597,0.16556,0.097119,0.131027
2022-07-11,0.182409,0.074488,0.044755,0.180699,0.038387,0.125957,-0.0185,0.29322,0.237171,0.123993
2022-07-12,0.160393,0.193742,0.23591,0.015414,0.013693,0.064636,0.0,-0.00516,0.115245,0.0
2022-07-13,-0.05716,0.162757,0.165368,-0.020762,0.199807,0.188877,0.03658,0.14231,0.019836,0.08038
2022-07-14,0.04177,0.176815,0.180753,-0.054772,-0.081698,0.143623,0.086717,0.06642,0.15716,0.06539
2022-07-15,-0.07432,0.053066,0.274658,0.038111,0.025688,-0.017653,-0.0843,-0.196442,0.156731,0.176472
2022-07-18,0.038951,0.149505,0.269507,0.121111,0.100544,0.095384,0.0765,0.09613,0.237936,0.219225
2022-07-19,0.20059,0.108105,0.32102,0.084785,0.029859,0.12208,0.07422,-0.06295,0.040014,0.193663
2022-07-20,-0.018233,0.013165,0.173092,0.12119,0.258679,0.069994,0.03966,0.17764,0.133255,0.03818
2022-07-21,0.093831,0.043456,0.112725,0.164165,-0.045382,-0.007657,0.042073,0.17796,0.152027,0.0866
2022-07-22,0.084283,0.167523,0.188822,-0.009238,0.278042,0.03432,-0.01007,0.26662,0.20978,0.03426
2022-07-25,-0.022425,0.091713,0.339973,0.128082,0.060344,0.024086,0.161358,0.21288,0.07361,0.11213
2022-07-26,0.0,0.006382,0.071235,-0.04619,0.156963,0.124739,-0.03182,0.13984,0.013857,0.198288
2022-07-27,0.066537,0.05355,0.117787,0.210925,0.04655,0.0,0.089857,0.244979,0.133332,0.16386
2022-07-28,0.031703,0.009317,0.139929,-0.003503,0.151388,0.047765,0.09617,0.047175,0.034774,0.172117
2022-07-29,0.04576,0.133187,0.286275,0.05444,-0.013653,0.08038,0.0,0.26866,0.225497,0.27461
2022-08-01,0.044908,0.12408,0.05707,0.18658,0.100021,0.174929,0.0,0.21189,0.205607,0.09072
2022-08-02,0.047592,0.066624,0.105146,0.096796,0.160788,-0.000705,0.066114,0.066905,-0.040069,0.089665
2022-08-03,0.0154,0.077988,0.256759,0.084515,0.274918,0.075493,0.10558,-0.00171,0.108561,0.134932
2022-08-04,0.051153,0.061348,0.137048,0.025889,-0.026314,0.0,0.04609,0.109493,0.050597,0.256811
2022-08-05,0.160403,0.00064,0.198822,0.133877,0.177758,0.035645,0.09534,0.17848,0.106293,0.05757
2022-08-08,-0.1625,0.089346,0.093559,0.125891,-0.055024,0.1571,0.16576,0.10256,0.070088,0.063874
2022-08-09,0.02015,0.08117,0.032504,0.12018,0.054147,-0.01922,0.0,0.23228,0.071348,0.108384
2022-08-10,0.170978,0.088547,0.160806,0.223842,0.09192,0.065182,0.08038,0.07224,0.084513,0.223023
2022-08-11,0.032462,0.065656,0.163892,-0.049685,0.027904,0.04873,0.0,0.25048,0.094938,-0.008853
2022-08-12,0.0695,0.226689,0.156642,0.198578,-0.021944,0.165747,0.0,0.01806,0.278068,0.08272
2022-08-15,0.084248,0.057082,0.141379,0.095623,0.00805,0.26516,0.036153,-0.03005,0.174358,0.18165
2022-08-16,0.072648,0.114424,0.160167,0.02023,0.065717,-0.12504,0.03612,0.14214,0.192991,0.104555
2022-08-17,-0.048993,0.040888,0.274732,0.06278,0.01909,0.01757,0.04404,0.175945,0.079836,0.23064
2022-08-18,0.00453,0.036435,-0.038936,0.204823,0.056644,0.013027,0.02263,0.02054,0.10242,0.19779
2022-08-19,-0.188835,0.038931,0.107853,0.032787,-0.02824,0.03818,0.0,0.29232,0.16227,0.05668
2022-08-22,0.21372,0.130307,0.221067,0.044505,0.211913,0.158961,0.05423,0.248022,0.257415,0.243353
2022-08-23,0.125713,0.079467,0.124071,0.213032,0.151827,0.10846,0.00664,0.04019,0.041184,0.0407
2022-08-24,0.130187,-0.046269,0.012638,0.054753,0.104735,0.1059,0.0,0.16047,0.14825,0.15559
2022-08-25,0.028498,0.150502,0.105022,0.017446,0.104547,0.11928,0.00258,0.17573,0.132303,0.098448
2022-08-26,-0.103751,0.004824,0.092183,0.102447,0.152027,-0.023903,0.05773,0.1406,0.191783,0.08196
2022-08-29,0.157895,0.0978,0.183822,0.082995,0.264053,0.034608,0.00181,0.068658,0.075023,0.2883
2022-08-30,-0.10534,0.14593,0.091147,-0.01637,0.03273,0.142605,0.02278,0.10846,0.116866,0.0354
2022-08-31,0.157763,0.052468,0.194691,0.061617,-0.204585,0.114807,0.00516,0.22335,0.073087,0.13264
2022-09-01,0.038127,0.168611,0.164953,0.277945,0.114602,0.181505,0.08595,0.068,0.007841,0.11444
2022-09-02,0.06369,0.039372,0.197115,0.110165,0.076387,0.095127,0.09152,0.03404,0.226136,0.075847
2022-09-06,0.13329,0.184598,0.119531,0.068708,0.205586,0.189139,0.0,0.29121,0.106622,0.21679
2022-09-07,0.07007,0.134882,0.17913,0.00998,0.052179,0.0864,0.02653,0.050667,0.114692,0.19389
2022-09-08,0.226101,0.07027,0.27589,0.154652,0.178205,0.005137,0.18839,0.23678,0.02906,0.152843
2022-09-09,-0.02833,0.231719,0.048163,0.153283,-0.008273,0.01231,0.10534,0.43032,0.146649,0.24855
2022-09-12,0.047182,0.157476,0.151288,0.014844,0.279326,0.051891,-0.05409,0.175848,0.03785,0.191973
2022-09-13,-0.002591,0.188669,0.263011,0.11117,0.059987,0.250115,0.0256,0.09451,0.025618,0.00516
2022-09-14,0.07474,0.195353,0.093918,-0.008447,-0.02307,0.085735,0.109387,0.12735,0.097316,0.19888
2022-09-15,0.127322,0.050411,0.223204,0.225981,-0.008235,-0.01531,0.026027,0.2533,-0.00714,0.298002
2022-09-16,0.105192,0.135985,0.495585,0.100016,0.096019,0.080332,0.0,0.223466,0.053076,0.394173
2022-09-19,0.03699,0.310082,0.093878,0.062963,0.015824,0.177001,-0.08276,0.154408,0.090931,0.136476
2022-09-20,0.073795,0.027583,0.22262,0.008696,0.025174,0.108693,0.0,0.091988,0.070479,0.06808
2022-09-21,0.140432,0.112222,0.243725,0.028435,-0.08622,0.04742,0.034,0.05266,0.031576,0.15608
2022-09-22,0.05356,0.178462,0.110573,-0.043147,0.169767,-0.014527,0.170447,-0.05183,0.143466,0.114352
2022-09-23,0.133952,-0.049577,-0.056155,0.093227,0.08872,0.0549,0.141507,0.045267,0.027832,0.11891
2022-09-26,0.102723,0.195453,0.079408,0.183939,0.01548,-0.000465,0.09908,0.073121,0.08646,0.57756
2022-09-27,0.165855,0.018225,-0.031774,0.035954,0.165422,0.032805,0.0,0.18853,0.187818,0.07487
2022-09-28,0.100956,0.060516,0.181278,0.149222,0.147205,0.010747,-0.013427,-0.070703,-0.01221,-0.049517
2022-09-29,0.053163,0.123674,0.144942,0.101941,0.16066,0.04576,0.0,0.0,0.090472,0.07636
2022-09-30,0.015295,0.183517,0.171425,0.233647,0.0,0.08808,0.0,0.16138,-0.138777,0.01186
2022-10-03,0.244891,0.116446,0.090411,0.225378,0.0476,0.13914,0.07085,0.15457,0.247412,0.06578
2022-10-04,0.11384,-0.011167,0.090835,0.240385,-0.08459,0.03653,0.153,0.33353,0.149836,0.094985
2022-10-05,0.1878,0.055731,0.219127,0.124663,0.059453,0.185653,0.0559,0.21648,0.112934,0.22012
2022-10-06,0.079815,0.174272,0.137495,0.106155,-0.15184,0.09483,-0.11454,0.0,-0.07437,0.09963
2022-10-07,0.095427,0.013233,0.26993,0.116085,0.07916,0.016615,-0.04526,0.045925,0.056309,0.269483
2022-10-10,0.0,0.131329,0.133258,0.107996,0.326336,0.11046,0.09469,0.10797,0.076697,0.18292
2022-10-11,0.043071,0.15716,0.098963,-0.283775,0.225812,0.17506,0.0,-0.00794,-0.017887,0.16334
2022-10-12,0.13851,0.1838,0.162646,-0.019683,0.082049,0.26004,0.068,0.06249,-0.029269,0.01366
2022-10-13,-0.115725,0.0226,0.101116,0.048717,-0.18964,0.07923,0.04019,0.0,0.002155,0.05464
2022-10-14,0.0,-0.031167,0.113909,0.137774,0.174913,0.0991,0.0,-0.00836,0.07374,0.17208
2022-10-17,0.201096,0.09303,0.071201,0.122815,0.120345,-0.07432,-0.0523,0.053908,0.061792,-0.09354
2022-10-18,0.1565,0.069453,-0.013295,0.10424,0.01213,0.089905,0.06652,0.010115,0.13744,0.2553
2022-10-19,-0.057853,0.169599,0.156161,0.079133,0.051857,0.011887,0.0,0.08276,-0.098697,-0.004033
2022-10-20,-0.002653,0.192093,0.130947,0.038043,0.055195,0.134633,0.022308,0.16076,0.20392,0.125047
2022-10-21,0.113424,0.03038,0.090096,-0.038167,0.115816,0.10062,0.08782,0.300555,0.026856,0.118185
2022-10-24,0.136085,0.120034,0.088283,-0.078911,0.05149,0.099722,0.115487,0.25793,-0.002347,0.22194
2022-10-25,0.076771,0.05301,0.097096,0.15347,0.049883,0.033657,0.115607,0.09152,-0.020802,0.081653
2022-10-26,0.01018,0.065809,0.016632,0.080545,0.049052,0.030435,0.0,0.06871,0.27628,0.128647
2022-10-27,0.211009,0.064214,0.115479,0.196661,0.156136,0.216642,0.08038,-0.005024,0.014155,0.076773
2022-10-28,0.101637,0.044164,0.124207,0.02996,0.009389,0.15373,0.0,0.0,0.070042,0.145827
2022-10-31,0.217284,0.06973,0.116505,0.21304,0.0,0.11263,0.0,0.193267,0.139554,0.399587
2022-11-01,0.112877,0.056185,0.084906,0.038023,0.135517,0.068,-0.015815,0.033717,0.100521,0.16612
2022-11-02,0.02171,0.271154,0.24665,0.135167,-0.098025,0.07636,-0.034947,0.047203,0.130559,0.1662
2022-11-03,0.07632,-0.002812,0.30889,-0.007953,-0.126033,0.023739,0.03182,-0.005303,0.025066,0.127078
2022-11-04,0.014045,-0.0106,0.057297,0.106987,0.076812,0.158,0.0,-0.05464,0.0556,0.11524
2022-11-07,-0.110387,0.082831,0.07274,-0.023293,0.02281,0.0,0.0,0.096945,0.150521,-0.012233
2022-11-08,0.06702,0.03053,0.129219,0.037187,-0.0525,0.05247,0.027466,0.12476,0.099831,0.11384
2022-11-09,0.01244,0.045723,-0.039797,0.09736,0.060685,0.0843,0.0,0.04046,0.04582,0.07676
2022-11-10,0.04046,-0.02397,0.090743,0.0256,0.12435,0.073,0.0,0.08235,0.074273,0.15811
2022-11-11,0.0,0.165647,0.060731,0.107653,0.226047,0.129473,0.0765,0.31968,0.127609,0.11736
2022-11-14,0.352573,0.167843,0.120695,0.207647,0.159805,-0.03398,0.066,0.091833,0.07509,0.048155
2022-11-15,-0.06178,0.068781,0.319153,0.04057,0.20067,0.07943,0.23031,0.09878,0.109242,0.0551
2022-11-16,0.148053,0.071871,0.20551,-0.00386,0.129707,0.08882,0.0,0.162773,-0.016431,0.17727
2022-11-17,-0.010207,0.314564,0.04165,0.213385,0.013487,0.092285,0.14192,0.0,0.086507,0.0
2022-11-18,0.0,-0.05742,0.051636,0.083095,0.083783,-0.008533,0.134807,-0.08092,0.22518,0.063
2022-11-21,0.20773,0.254256,0.149736,0.069297,0.170038,0.063647,0.0745,0.12522,0.176582,0.06885
2022-11-22,0.077193,0.013169,-0.076025,0.146996,0.127521,0.146947,0.0,-0.16468,0.004435,0.0
2022-11-23,0.00258,0.264135,0.241295,0.0398,0.097601,0.0,0.0296,0.13212,0.174815,0.19208
2022-11-25,0.269245,0.182682,0.210782,0.140077,0.112257,0.0,0.0,0.22468,-0.00304,0.17414
2022-11-28,0.144833,0.047534,0.007767,0.061887,0.201681,0.005906,0.04046,0.19125,0.110168,0.10212
2022-11-29,0.163233,0.11526,0.042769,0.269897,0.19279,0.11988,0.0,0.0,-0.089165,0.10366
2022-11-30,0.04576,0.101584,0.165376,-0.02152,0.194033,0.102673,0.22732,0.08931,0.098277,0.10178
2022-12-01,0.103047,0.160097,0.209417,-0.074546,0.135137,0.234213,0.073647,0.20902,0.193481,0.19726
2022-12-02,0.25708,0.125151,0.33565,0.140975,-0.09793,-0.037032,-0.068,0.09966,0.069562,0.17018
2022-12-05,0.074138,0.050852,0.142141,0.16302,0.086604,0.056417,0.0,0.12738,0.067314,0.166295
2022-12-06,0.119556,0.11515,0.255548,-0.056253,0.019797,-0.150147,0.073667,0.10178,0.006491,-0.01531
2022-12-07,0.03554,0.171248,0.083456,-0.002,-0.078675,0.04588,0.0,0.27004,0.215405,0.21692
2022-12-08,0.06238,0.104273,0.229835,0.114028,0.035645,0.12439,0.068,0.0,0.058491,-0.04526
2022-12-09,-0.1574,0.266982,0.086361,0.0,0.103987,0.14728,0.06369,0.23877,0.105365,0.077007
2022-12-12,0.03916,0.137291,0.268323,0.074716,0.008627,-0.029133,-0.07432,0.04046,0.109597,0.24038
2022-12-13,-0.126008,0.091417,0.149775,0.130467,0.116378,0.20892,0.09251,-0.06364,0.1297,0.143075
2022-12-14,0.032503,0.095851,-0.048951,-0.055271,0.159733,0.24986,0.03818,0.034,0.004423,0.0
2022-12-15,0.063461,0.111475,0.03632,0.249853,0.162805,0.099384,0.0,0.034527,-0.066206,0.32604
2022-12-16,-0.136945,0.144397,0.114072,-0.12965,0.169217,0.024336,-0.12498,0.20776,0.107409,0.12691
2022-12-19,0.146765,0.14828,0.07207,0.034465,0.054403,0.15825,0.032927,0.164395,0.012095,0.16789
2022-12-20,0.17811,0.069346,0.260688,0.252178,0.185314,0.117985,0.157913,0.022615,0.160555,0.349007
2022-12-21,-0.04151,-0.065106,0.041057,0.012219,0.168378,0.354241,0.10184,-0.026067,0.185002,0.18202
2022-12-22,0.01532,0.042273,0.378585,0.293308,0.032408,0.123067,0.0,0.0,-0.11699,0.0
2022-12-23,0.1233,0.09803,0.020424,0.180484,-0.081875,0.05007,0.0,0.0,0.058261,0.18372
2022-12-27,0.16654,0.220512,0.191496,0.14616,0.109378,0.112105,0.17012,0.276205,-0.024003,0.078459
2022-12-28,0.077467,0.0663,0.063253,0.05403,0.176088,0.048517,0.02732,0.168187,0.08661,0.08196
2022-12-29,-0.00453,0.158369,0.032538,0.05307,0.116396,0.054502,0.02326,0.08092,0.178527,0.00606
2022-12-30,0.002432,0.114755,0.16362,0.05106,0.03362,0.09321,-0.03182,0.03182,0.044518,0.07732
2023-01-03,0.003714,0.098269,0.28271,0.10187,0.171742,0.062325,0.10212,0.17453,0.09885,0.10846
2023-01-04,0.028547,0.076065,0.243942,0.165369,0.107515,0.057808,0.04404,0.07224,0.034404,0.15975
2023-01-05,0.083588,0.237687,0.242212,0.055217,0.157785,0.13137,0.12264,0.076613,0.223515,0.148787
2023-01-06,0.241787,0.13477,0.154494,0.073933,0.063903,0.010115,0.0,0.012665,0.230965,0.009
2023-01-09,0.26423,0.13458,0.286579,0.067696,0.142278,0.171765,0.08038,-0.01796,0.121156,0.073777
2023-01-10,0.209803,0.109892,0.044927,0.094318,0.031046,0.157197,0.08038,0.068,0.238118,-0.025
2023-01-11,0.130397,0.037726,0.13579,0.063079,0.031677,0.0033,0.156862,0.03818,0.061187,0.05216
2023-01-12,0.106753,0.062836,0.01492,0.101041,0.07419,0.115522,0.12682,0.03626,0.056658,0.135467
2023-01-13,0.08791,0.191123,0.137894,0.067127,0.187653,0.03766,0.28611,0.02023,0.100065,0.17687
2023-01-17,0.203657,0.238678,0.069819,0.158071,0.262109,0.215895,0.10938,0.10565,0.125481,0.17053
2023-01-18,0.0,0.176819,0.241063,0.187011,0.05686,-0.095755,0.101695,0.001287,0.187357,0.16392
2023-01-19,0.04128,-0.002996,0.09292,0.047324,-0.044863,0.05073,0.103307,0.08114,0.03716,0.16392
2023-01-20,-0.048147,0.013133,0.150523,0.051685,0.066125,-0.00316,0.100027,0.045287,0.064669,0.090383
2023-01-23,0.060815,0.210389,0.038813,-0.054972,0.253675,0.183461,0.054958,0.077247,0.04196,0.201597
2023-01-24,0.038075,0.156044,0.22336,0.104095,0.08237,0.065502,0.056065,0.26383,0.088842,0.19303
2023-01-25,0.001426,0.122619,0.190507,0.040825,-0.027309,0.0592,-0.090304,0.156493,0.061449,0.157144
2023-01-26,0.228736,0.111553,0.129851,0.176397,0.17705,0.025139,0.075,0.031953,0.094907,0.14764
2023-01-27,0.096855,0.041882,0.110591,0.157042,0.111027,0.112587,0.0592,0.12264,-0.001674,0.143787
2023-01-30,0.06239,0.01352,0.139528,0.155533,0.145627,-0.005256,0.095175,0.186215,0.08135,0.0752
2023-01-31,-0.017449,0.061749,0.123394,0.080803,0.041951,0.117438,0.04391,0.09762,-0.004828,0.185017
2023-02-01,0.02168,0.101755,-0.126762,0.0,0.128392,0.07608,0.0,0.21884,-0.06427,-0.02065
2023-02-02,0.125709,0.13993,0.180115,0.139686,0.169363,0.17712,0.014215,0.11345,0.210097,0.235533
2023-02-03,0.18137,0.161052,-0.004062,0.033335,-0.040476,0.228325,-0.013784,0.063077,-0.045936,0.267737
2023-02-06,-0.020167,0.083021,0.036634,0.019373,0.042994,0.071143,0.06873,0.170559,0.205311,0.150767
2023-02-07,0.027477,0.121522,0.000777,0.243033,0.122067,-0.02728,-0.065318,0.036253,0.192443,0.201137
2023-02-08,0.05899,0.10051,0.085334,0.0311,0.050586,0.126433,0.08038,0.0,0.080457,0.143253
2023-02-09,0.01806,0.071215,0.118474,-0.03315,0.008086,0.08086,-0.04827,0.13115,0.211365,0.21886
2023-02-10,0.08831,0.112336,0.104526,0.05586,0.11148,0.0,0.04404,0.25075,0.021156,0.05464
2023-02-13,0.031952,0.131039,0.279759,0.117467,0.10701,0.11876,-0.00258,0.3554,0.206883,0.182797
2023-02-14,0.0,0.263443,-0.06863,-0.029541,0.212427,0.064909,0.04526,0.15886,0.219755,0.12393
2023-02-15,0.186697,0.006005,0.036427,-0.062148,0.036483,0.01483,0.033557,0.005147,-0.00974,0.17742
2023-02-16,0.02366,0.006371,0.13396,0.04416,0.127585,0.137915,0.07598,0.013583,0.178579,0.154469
2023-02-17,0.26779,0.094309,0.106819,0.22299,0.141227,0.029433,-0.01454,0.0,0.098927,0.032693
2023-02-21,0.100445,0.117679,0.116175,0.001251,0.023423,0.195737,-0.026625,0.046318,0.110847,0.048961
2023-02-22,0.110903,0.089176,0.114664,0.058219,0.092842,0.0,0.06796,0.073542,0.112917,0.10825
2023-02-23,0.12297,0.10625,0.137511,0.131722,0.0234,0.049003,-0.002797,0.050415,0.014443,0.056576
2023-02-24,0.0234,0.01113,0.056115,0.105561,0.08566,0.027047,0.083323,0.0,0.00044,0.066932
2023-02-27,0.080553,0.075353,-0.019698,-0.011214,0.080933,0.070885,0.2454,0.09504,0.1029,0.173532
2023-02-28,0.09843,0.092479,0.123548,0.127482,0.026128,0.133117,0.10212,0.06582,0.249636,0.18202
2023-03-01,-0.033398,0.09564,0.063142,0.092847,0.028242,0.04426,0.095332,0.02278,0.183314,0.2122
2023-03-02,0.231347,0.202401,0.276288,0.137394,0.039298,0.20013,-0.03498,0.140367,0.081086,0.05464
2023-03-03,-0.07432,-0.01477,0.125618,0.008717,0.15926,0.116157,0.000248,-0.00258,0.206285,0.02078
2023-03-06,0.02023,-0.040311,0.053778,0.060874,0.06327,0.16074,0.034,0.04136,0.079112,0.03521
2023-03-07,0.15454,0.164523,0.121447,0.242312,0.14615,0.117623,0.04767,0.04404,0.112984,0.081397
2023-03-08,-0.03163,0.253262,0.149416,0.068287,0.056163,0.148073,0.0991,0.1901,0.088036,-0.00735
2023-03-09,-0.024173,0.10084,0.256829,0.047027,0.127323,0.08122,-0.01531,0.05017,0.166029,0.03182
2023-03-10,0.025708,0.120612,0.115449,0.007582,0.172323,0.102844,0.084,0.26162,0.053125,0.221157
2023-03-13,0.064639,0.053982,0.157854,-0.079644,0.141126,0.132476,0.13992,0.021647,0.058681,0.130795
2023-03-14,0.0,-0.046497,0.211972,0.171484,-0.015801,0.104567,0.06376,0.2027,0.152751,-0.002427
2023-03-15,0.13586,0.065562,0.129466,0.011017,0.081627,0.04638,0.083742,0.126354,-0.012915,0.232375
2023-03-16,0.089918,0.029327,-0.040012,-0.12862,0.04588,0.22272,0.077267,0.18654,0.111555,0.1459
2023-03-17,0.04046,-0.025813,0.050393,-0.048261,0.06898,0.04146,0.017977,0.15955,0.054475,0.184177
2023-03-20,0.183634,0.042434,0.262595,0.135838,0.081449,0.079197,0.142597,0.04058,0.141291,0.109893
2023-03-21,0.084422,0.141742,-0.031835,0.125513,0.157915,0.19473,0.021875,0.359607,0.076383,0.19539
2023-03-22,0.142097,-0.044512,0.131869,0.057744,0.011968,0.12519,0.078207,0.13924,0.067102,0.036427
2023-03-23,0.18723,0.050467,0.169822,-0.025778,0.13782,0.07804,0.046795,0.1092,0.140676,0.085
2023-03-24,0.12738,0.157884,0.194102,-0.10549,0.031921,0.072587,0.0,0.068,0.046421,0.14006
2023-03-27,0.100774,0.111424,0.061273,0.099485,0.130187,0.15124,0.011467,0.040598,0.145005,0.075955
2023-03-28,0.173943,0.158019,0.088873,0.22001,0.192328,0.043545,0.14841,0.0592,0.12816,0.318075
2023-03-29,0.085327,0.122973,0.04029,0.028923,0.055337,0.049815,0.086313,0.121313,0.10061,0.05637
2023-03-30,0.164733,0.115521,0.079897,0.19685,0.001365,0.195467,0.09993,0.070777,0.167531,0.17189
2023-03-31,0.196585,0.063393,0.140608,0.149081,0.10677,-0.029547,0.02393,0.1467,0.173086,0.085567
2023-04-03,0.133313,0.115642,-0.046703,0.11056,-0.040465,0.093135,-0.05267,0.068248,0.150192,0.242885
2023-04-04,0.059763,0.124177,0.244804,-0.064423,0.167597,0.073694,0.069727,0.131125,0.137419,0.144897
2023-04-05,0.03529,0.097574,0.044649,-0.006243,0.052147,0.026093,0.1704,0.021183,0.080877,0.05423
2023-04-06,0.08838,0.106067,0.124166,0.184617,0.051402,0.044604,0.14561,0.09469,0.320578,0.27978
2023-04-10,0.037697,0.148807,0.105476,0.057782,0.121243,0.129432,0.120843,0.079982,0.181637,0.186084
2023-04-11,0.04052,0.047954,0.102236,0.024666,-0.00778,-0.016513,0.051214,0.35245,0.062146,0.08196
2023-04-12,0.14808,0.057565,0.045978,0.114314,0.054188,0.062933,0.0,0.08944,0.124461,0.185707
2023-04-13,0.001437,-0.01488,0.079566,0.056471,-0.100126,0.17934,-0.00815,-0.01027,0.047862,0.144018
2023-04-14,0.011933,0.124798,0.17745,0.057005,0.008999,0.125492,0.01591,0.07364,0.195642,0.144923
2023-04-17,0.014847,0.048682,0.124802,0.110593,0.128709,0.093882,0.10534,0.01059,0.132804,0.070255
2023-04-18,0.028428,-0.033448,0.011319,0.10403,0.104337,0.05858,0.14026,0.087071,0.235452,0.088961
2023-04-19,0.081301,0.100898,0.187308,0.119259,0.108684,0.10007,0.015787,0.06221,0.14302,0.272013
2023-04-20,0.007523,0.145528,0.108739,0.037138,0.127602,0.067604,0.107872,0.093145,0.055783,0.117931
2023-04-21,0.211542,0.150176,0.162722,0.06375,0.054498,0.098708,0.02732,0.052075,0.110727,0.0
2023-04-24,-0.021889,0.17766,0.109863,0.083126,0.134767,0.059229,0.06069,0.170153,0.266574,0.059515
2023-04-25,-0.015953,0.053595,0.070431,-0.007581,0.213076,0.049584,0.022217,0.079727,0.250555,0.14902
2023-04-26,0.042644,0.118746,0.122122,0.166163,0.025,0.120729,-0.004534,-0.057365,0.15251,0.182267
2023-04-27,0.061578,0.012288,0.099512,0.200426,0.096908,0.03922,0.063993,0.0125,0.085892,0.150727
2023-04-28,-0.013471,0.22745,0.207649,0.003704,-0.034623,0.040527,0.07992,0.12728,0.071817,0.080523
2023-05-01,-0.000722,0.073401,0.051633,-0.101929,0.072244,0.106305,0.07615,0.075713,0.110888,0.03741
2023-05-02,0.053782,0.056548,0.017643,0.068052,-0.041869,0.08362,0.0,0.044473,0.054336,0.170893
2023-05-03,0.058957,0.097062,0.046326,0.078663,-0.008525,0.101817,-0.1301,0.002947,0.134929,0.14476
2023-05-04,-0.01449,0.002101,0.099323,0.057943,0.07444,0.301218,-0.02263,0.066557,0.058703,0.031803
2023-05-05,0.24742,0.070849,0.056336,0.302053,0.13888,-0.17014,0.0,0.22796,0.019782,0.089733
2023-05-08,0.067487,0.017195,0.13892,0.048367,0.096673,0.082067,0.120255,0.113227,0.137948,0.203933
2023-05-09,-0.00412,0.143264,0.336925,-0.147408,0.125113,0.12435,0.0,0.04046,0.001535,0.124631
2023-05-10,0.106853,-0.004055,0.049119,0.025476,0.061268,0.05361,0.04046,-0.010207,0.086532,0.197613
2023-05-11,0.286314,0.129454,0.290757,-0.046867,0.231377,0.0,0.194457,0.04404,0.016732,0.238687
2023-05-12,0.142905,0.087734,0.037819,-0.01715,0.05106,0.05544,0.0888,0.06369,0.0763,0.103315
2023-05-15,0.021256,0.080738,0.097185,-0.081246,0.114601,0.12548,0.083896,0.135317,0.176012,0.213453
2023-05-16,0.062167,0.071718,0.05464,0.031086,0.008872,0.03178,0.091067,0.02263,0.093437,0.1902
2023-05-17,0.006847,0.031926,-0.036239,0.077335,-0.131548,0.06658,0.0296,0.068,0.148773,0.049895
2023-05-18,0.02983,0.252214,0.026842,0.077354,0.0412,0.0148,0.03275,0.073738,0.091097,0.10534
2023-05-19,0.251387,0.079226,0.058658,0.046974,0.028155,0.07576,0.0,0.0,0.238598,0.07308
2023-05-22,-0.021948,0.044529,0.142908,0.058491,0.065889,0.161153,0.090434,0.1272,0.024013,0.109
2023-05-23,0.032455,-0.020525,0.032651,0.153937,0.137963,0.0843,0.087584,0.06436,0.23763,-0.07224
2023-05-24,0.064547,0.017273,-0.023201,0.054311,-0.037947,0.033718,-0.0592,0.11588,0.035611,0.13824
2023-05-25,0.051872,0.06134,0.021213,0.070185,0.110065,0.11104,0.051475,0.0476,0.200891,0.0296
2023-05-26,0.298727,0.064198,0.202087,0.060635,0.121165,0.06249,0.039473,0.0,0.131522,0.13502
2023-05-30,0.003577,0.106153,0.132756,0.008883,0.290695,0.069423,0.133963,0.15797,0.117569,0.090733
2023-05-31,0.09654,0.091659,0.171704,0.091118,0.140733,0.069663,0.09282,0.18464,0.101268,0.07782
2023-06-01,0.104567,0.134392,0.201073,0.045124,-0.06024,0.106751,-0.026755,0.120907,0.162873,0.200773
2023-06-02,-0.012119,-0.029714,0.004056,-0.004618,0.095749,0.117098,0.102187,0.0344,0.088226,0.14616
2023-06-05,0.082711,0.009053,0.082553,0.067547,0.0538,0.078114,0.10788,0.066033,0.078635,0.08196
2023-06-06,0.053329,0.161352,0.011694,0.159019,0.220181,0.21066,0.08532,0.0784,0.020369,0.0
2023-06-07,0.206103,0.124032,0.087703,0.176465,0.257772,0.106807,0.06438,0.0843,0.161015,0.24211
2023-06-08,-0.046338,0.107101,0.03469,0.080722,0.277517,0.094813,0.017,0.054165,0.114421,0.122768
2023-06-09,0.196757,0.077757,0.077951,-0.006677,0.035365,0.026658,0.068,0.10924,0.060315,0.076662
2023-06-12,0.013487,0.090705,0.055565,0.059516,0.199897,0.121445,0.00668,0.1792,0.117506,0.134713
2023-06-13,0.098948,0.086493,0.115253,0.199521,0.034973,0.0765,0.22902,0.0,0.129191,0.062261
2023-06-14,0.15863,0.043523,0.035237,0.084057,0.18026,0.119637,0.22366,0.040835,0.224833,0.163583
2023-06-15,0.054407,0.077834,0.070129,0.234303,-0.040967,0.078398,0.09621,0.11988,0.133587,-0.025
2023-06-16,0.130587,-0.00949,0.09272,0.125684,0.032821,0.1201,0.14136,-0.098453,0.132425,0.20982
2023-06-20,0.104862,0.029339,0.085532,0.101279,0.092104,0.098313,0.0426,0.0,0.088543,-0.05256
2023-06-21,0.11794,0.127686,0.03936,0.089782,0.169849,-0.082895,0.13445,0.0,0.001077,0.130953
2023-06-22,0.32592,0.043131,0.030545,0.162042,0.07414,0.02985,0.04535,0.046345,0.096555,0.2319
2023-06-23,0.03169,0.041397,0.08087,-0.014857,0.172123,0.0646,0.0148,0.112477,0.144576,0.078657
2023-06-26,0.128357,0.153912,0.053009,0.112462,0.112871,0.127717,0.03612,0.15677,0.162652,0.188968
2023-06-27,0.176568,0.114273,0.102518,0.185284,0.128673,0.023117,0.12264,0.26412,0.187206,0.230065
2023-06-28,0.02695,0.107239,0.11212,-0.108671,0.12248,0.05663,0.20529,0.0868,0.063569,0.018213
2023-06-29,0.040413,0.002469,0.065871,0.063947,0.194866,0.04767,0.035073,0.18552,0.081873,0.16724
2023-06-30,-0.033987,0.099085,0.017703,-0.004592,0.009564,0.12335,-0.07432,0.00743,0.051834,0.16813
2023-07-03,0.087752,0.077536,0.10649,0.067603,0.169505,0.093324,0.022667,0.198415,0.302904,0.110477
2023-07-05,0.219418,0.093782,0.045479,0.140941,0.243113,0.202541,0.09392,0.170113,0.145582,0.13054
2023-07-06,0.12168,0.054733,0.160278,0.114428,0.203193,0.050552,0.0592,0.094047,0.029536,0.173597
2023-07-07,0.116033,0.091283,-0.005559,0.047145,0.10098,-0.038615,0.042336,0.02023,0.010513,0.145707
2023-07-10,0.03793,0.038425,0.077948,0.010549,0.094086,0.051985,0.19686,0.15241,0.120323,0.115668
2023-07-11,0.115675,0.148304,-0.043403,0.103742,-0.0193,0.11171,0.05744,0.03818,0.135302,0.176217
2023-07-12,0.107225,0.142337,0.066905,0.054551,0.292268,0.013353,0.10863,0.1404,0.122702,0.05464
2023-07-13,0.065615,0.18475,0.159968,-0.008363,0.106642,0.084983,0.0,0.120317,0.172196,0.04496
2023-07-14,0.077449,0.160243,0.107797,0.023352,0.09642,0.05429,0.0,0.03335,0.13539,0.11593
2023-07-17,-0.088604,0.045599,0.172886,0.04881,0.085432,0.01073,0.02976,0.209581,0.125749,0.037495
2023-07-18,0.068732,0.049771,-0.024509,0.153426,0.12676,0.222063,0.02546,0.059555,0.278128,0.159672
2023-07-19,0.142355,0.168018,0.0264,0.122667,-0.011843,0.157138,0.0,0.15344,0.20008,-0.00572
2023-07-20,-0.00232,0.088567,0.102567,0.113442,0.005415,-0.0189,0.107035,-0.016861,0.076751,0.229207
2023-07-21,0.078851,0.024183,0.043467,0.108903,-0.043439,0.077605,-0.04404,0.10831,0.056383,0.07752
2023-07-24,0.049917,0.097336,0.172026,0.098092,0.088336,0.179275,0.111228,0.254723,0.172724,0.050827
2023-07-25,-0.067168,0.065373,0.054073,0.11352,0.04148,0.022146,0.078215,0.08722,0.019383,0.173956
2023-07-26,0.202827,0.170692,0.079716,0.086931,-0.052292,-0.063856,0.001108,0.026235,0.072705,0.26063
2023-07-27,0.032108,0.127088,-0.024406,0.13279,0.174563,0.160814,0.020095,0.15286,0.078647,0.039637
2023-07-28,0.146267,0.075557,0.233024,0.059689,-0.029597,-0.005885,0.05464,0.224787,0.258062,0.026973
2023-07-31,0.117139,0.111874,0.295402,0.043616,0.158178,0.071981,0.0,0.101595,0.192682,0.27928
2023-08-01,0.304845,0.118555,0.186396,0.049138,0.263353,0.070853,0.16848,0.08504,0.209482,0.038504
2023-08-02,0.103793,0.000319,0.06764,0.080769,0.136171,0.04463,0.043515,0.107651,0.04899,0.01201
2023-08-03,0.058635,0.014076,0.056586,0.104483,0.094094,0.07163,0.03558,0.037217,0.059218,0.076323
2023-08-04,0.016595,0.07977,-0.050317,0.055847,-0.037665,0.115097,0.0,-0.08166,0.065607,0.100984
2023-08-07,0.08163,0.075559,0.105471,-0.039059,0.113333,0.05873,0.0,0.011467,0.044322,0.091735
2023-08-08,0.117512,0.113146,0.219688,-0.066639,0.158976,0.030817,0.01032,0.0,0.122801,0.02068
2023-08-09,-0.029359,0.049837,-0.019293,0.084286,0.242629,0.091707,0.12886,-0.03062,0.132904,0.09282
2023-08-10,-0.01835,0.067131,0.20419,0.130885,0.183243,-0.02408,0.04404,0.326865,0.05379,0.09966
2023-08-11,0.133227,0.07658,0.148173,0.155453,0.068855,0.059333,0.059947,0.06249,0.146444,0.12215
2023-08-14,0.072232,0.058432,0.178631,0.089769,0.150716,0.04755,0.128293,0.025063,0.13544,0.166813
2023-08-15,0.045817,0.060225,0.026051,-0.068028,0.033177,0.12577,0.034815,0.07116,0.144086,0.018213
2023-08-16,0.14273,0.116197,0.054703,-0.020947,-0.02409,0.179895,0.0,0.15981,0.136823,0.07636
2023-08-17,0.06904,0.031221,0.053767,0.081252,0.08139,0.014409,0.133335,0.072998,0.060907,0.266013
2023-08-18,0.13355,-0.001388,0.171541,0.086385,0.072175,-0.04342,0.02614,0.09691,0.170361,0.11366
2023-08-21,0.028349,0.079909,0.131384,0.140108,0.064272,0.065256,0.020211,0.1357,0.038895,-0.08816
2023-08-22,-0.005668,0.046683,0.007368,0.00033,-0.020183,0.16688,0.015087,0.06908,0.096004,0.0
2023-08-23,0.077469,0.151265,0.195848,0.177311,0.131292,0.072454,0.0,0.0,0.178199,0.081655
2023-08-24,0.080961,0.069197,0.070531,-0.014457,0.169873,0.12956,0.07636,0.06904,0.13619,0.085228
2023-08-25,-0.026887,0.112282,0.06442,0.023236,0.073462,0.027447,0.185053,0.041107,0.039432,0.10336
2023-08-28,0.072714,0.086468,0.217414,0.12842,0.046845,-0.001852,0.16874,0.19812,0.192867,0.034677
2023-08-29,0.112462,0.14495,-0.0384,-0.059907,0.114348,-0.016525,0.0,0.09852,0.158436,0.2478
2023-08-30,0.063147,0.102784,0.104361,0.076117,0.061115,0.058375,0.204287,0.14272,0.135049,0.118195
2023-08-31,0.119017,0.228715,0.07045,0.09643,0.126038,0.061981,0.17988,0.236758,0.066601,0.154555
2023-09-01,0.01918,0.184002,0.162933,0.013507,0.103614,0.131087,0.20751,0.29386,0.193087,0.23819
2023-09-05,0.40599,0.099945,-0.018475,0.100058,-0.038212,0.128181,0.06364,0.096035,0.216847,0.0999
2023-09-06,0.141573,0.043815,0.250289,0.294283,0.192973,0.083673,0.12696,0.19218,0.111524,0.080067
2023-09-07,0.073901,0.070968,0.178144,0.27011,-0.189493,0.18894,0.04648,0.022667,0.143068,0.27001
2023-09-08,0.140835,0.17325,0.141711,0.098857,0.261324,0.055077,0.024533,0.204,0.081288,0.144177
2023-09-11,0.006898,0.082206,0.108891,0.114061,0.125103,0.089769,0.16076,0.246966,0.21561,-0.123527
2023-09-12,0.037547,0.06304,0.101971,0.19237,-0.02757,0.119136,0.04019,-0.11438,0.056966,-0.02216
2023-09-13,0.020765,0.108208,0.098299,0.086734,0.0842,0.063371,0.01869,0.053253,0.351122,0.13178
2023-09-14,0.10732,0.031052,0.122991,0.165864,0.081808,0.09646,0.05478,0.04019,0.181783,0.21654
2023-09-15,-0.010238,0.273074,-0.014568,0.027318,-0.000179,0.078187,-0.043005,0.282277,-0.009785,0.16271
2023-09-18,0.092233,0.0881,0.058334,0.280374,0.080601,0.092996,0.075596,0.10936,0.160216,0.069507
2023-09-19,0.04388,0.110618,0.04519,0.064961,0.04774,0.122252,0.0,0.22264,0.102514,0.2281
2023-09-20,0.11851,-0.082029,9.4e-05,0.065153,-0.139545,0.062049,0.02023,0.34655,0.051817,0.069317
2023-09-21,0.039677,0.037884,0.146003,0.07937,0.132327,0.128242,0.10848,0.170917,0.193569,0.018453
2023-09-22,0.017472,0.149438,0.214824,-0.002622,-0.070702,0.208967,0.05106,0.03614,0.099278,-0.01027
2023-09-25,-0.023808,0.077548,0.156201,0.097939,0.072473,0.149903,-0.0846,0.087117,0.076504,0.147833
2023-09-26,0.157733,0.131094,0.158054,0.135942,0.143767,0.128098,0.02732,0.11614,0.072294,0.22532
2023-09-27,0.06364,-0.012613,0.121955,0.092289,0.144117,0.188875,0.115673,0.1415,0.131694,-0.007531
2023-09-28,0.085519,0.089488,0.14098,0.155607,0.1254,0.050451,0.15347,0.27696,0.014731,0.091384
2023-09-29,0.32593,0.168529,0.214951,0.208852,0.126405,0.131832,0.0,0.12738,0.083063,0.490372
2023-10-02,0.264206,0.141631,0.217528,0.173649,0.058763,0.138572,0.18959,0.30891,0.200712,0.218729
2023-10-03,0.02251,0.368542,0.235757,0.15118,0.19297,0.101469,0.157691,0.16413,0.241958,0.182245
2023-10-04,0.091953,0.114709,0.191367,0.083037,0.12248,0.052368,-0.00654,0.06791,0.082888,0.103167
2023-10-05,0.018113,0.162426,0.205033,0.08972,-0.02732,0.099449,0.096847,0.16681,0.192149,0.174672
2023-10-06,0.078045,0.069477,0.069406,0.136798,0.114335,0.005797,0.09156,0.14984,0.055071,0.136568
2023-10-09,0.165673,0.05832,-0.14293,0.146371,0.348723,-0.031811,0.01052,0.13065,0.125914,0.004685
2023-10-10,0.129766,0.183609,0.104314,-0.030226,-5.6e-05,0.116997,0.0,0.12425,0.131233,0.16906
2023-10-11,0.046495,0.058204,0.090178,0.020824,0.039178,0.187309,0.121667,0.0,0.18174,0.04324
2023-10-12,0.088083,0.096068,0.264472,0.076369,0.066949,0.147896,0.12335,0.338747,0.090796,0.073705
2023-10-13,0.0125,0.056993,-0.011063,-0.018407,0.03893,0.03151,0.105637,0.10534,0.166458,0.444533
2023-10-16,0.016153,0.160782,0.160572,0.041932,0.031012,0.078171,0.127705,0.109209,0.140965,0.05756
2023-10-17,-0.0256,0.068331,0.08578,0.15136,0.138425,0.02959,0.077513,-0.06383,0.075245,0.160087
2023-10-18,0.042297,0.091163,-0.047527,0.023193,0.10263,0.04653,-0.097847,0.11303,0.041153,0.051955
2023-10-19,0.224956,0.047858,0.184889,0.071921,0.218597,0.08238,0.048395,0.003349,0.116627,0.08502
2023-10-20,0.075779,0.096567,0.033545,0.093659,0.105972,-0.00231,-0.08038,0.23721,0.123026,0.07499
2023-10-23,0.01683,0.148059,0.015655,0.030588,0.088669,0.180469,0.095673,0.12402,0.139688,-0.06622
2023-10-24,0.066148,0.076397,0.161121,0.10446,0.118175,0.210546,0.072648,0.21792,0.171836,-0.001495
2023-10-25,0.10521,-0.018668,0.11159,0.132767,0.063877,0.074822,0.12248,0.09633,0.15567,0.087487
2023-10-26,0.1434,0.059376,0.059367,0.176184,0.184967,0.067365,0.131602,0.025288,0.113791,0.28066
2023-10-27,-0.087391,0.11859,0.083442,0.063675,0.123049,-0.084401,0.00772,0.074895,0.187254,0.182501
2023-10-30,0.073493,0.107344,0.056137,0.082243,0.043557,0.138209,0.16892,0.232477,0.039338,0.033755
2023-10-31,0.103248,0.133276,0.108549,0.065878,0.092558,0.097922,0.0,0.08741,0.11477,0.052724
2023-11-01,0.062753,0.151829,0.180841,0.061815,0.040909,0.12493,0.221952,0.040827,0.095402,0.035853
2023-11-02,0.047298,0.106307,0.065923,0.182036,0.082078,0.185848,0.07837,0.158413,0.18315,0.167359
2023-11-03,0.1055,0.07733,0.137735,0.20951,0.062014,-0.016407,0.10914,0.03575,0.146965,0.023374
2023-11-06,0.053104,0.052473,0.145131,0.033971,0.119137,0.133763,0.13584,0.06939,0.172985,0.167535
2023-11-07,0.14964,0.186682,0.188166,0.095203,0.086484,0.066637,0.0171,0.17112,0.344049,0.19398
2023-11-08,0.115955,0.019636,0.10392,0.016126,0.04333,0.090087,0.00516,-0.04704,0.049458,0.088444
2023-11-09,0.28097,0.133252,0.08789,0.031096,0.145438,0.18129,0.00129,0.149005,0.235851,0.191175
2023-11-10,0.071004,0.138952,0.091944,0.125108,-0.011329,0.05353,-0.0106,-0.0712,0.247792,0.156945
2023-11-13,0.1282,0.157528,0.187561,-0.13722,0.122006,0.012518,0.032227,0.127965,0.164904,0.075487
2023-11-14,0.0,0.087683,0.237804,0.093724,0.080059,0.057953,0.125627,0.09632,0.268267,0.15672
2023-11-15,0.166,0.154647,0.08161,0.099117,0.15714,0.105521,0.2202,0.1358,0.074995,0.0
2023-11-16,0.004453,0.021419,-0.086628,0.041192,0.02616,0.133306,0.04019,0.062484,0.114469,0.27994
2023-11-17,0.0,0.084903,0.147602,0.117218,0.066263,0.213802,0.19308,-0.003545,0.139206,0.11306
2023-11-20,0.046685,0.042926,0.037435,0.02975,0.171025,-0.001797,0.23261,0.077187,0.206296,0.02732
2023-11-21,0.04221,0.032302,0.143266,0.075168,0.077886,0.085013,0.0,0.10972,0.134178,0.02602
2023-11-22,-0.024485,0.011287,0.097234,-0.087449,0.12618,0.153278,0.110967,-0.014613,0.092955,0.127844
2023-11-24,0.077227,-0.065594,0.1208,0.047514,0.038858,0.150868,0.026335,0.02023,0.107542,0.14172
2023-11-27,0.000283,0.130432,0.121405,0.089992,0.194687,0.03903,0.019907,0.05815,0.172308,0.094855
2023-11-28,0.075646,0.09942,-0.025393,0.086043,0.089167,0.021574,0.119487,0.082533,0.161767,0.05464
2023-11-29,0.038913,0.079833,0.055536,0.078078,0.099418,0.119573,0.07973,0.099983,0.203104,0.106975
2023-11-30,0.19064,0.024959,0.135053,0.134763,0.083562,0.08169,0.08038,0.08189,0.082137,0.209073
2023-12-01,0.064815,0.149604,0.0,-0.021476,0.0,0.036412,0.12363,0.077232,0.070048,0.16358
2023-12-04,0.083549,0.081544,0.022403,0.076693,0.063808,0.133074,0.0,0.16784,0.175584,0.22262
2023-12-05,0.085605,0.135013,-0.001275,0.104646,0.1391,-0.06629,0.0,0.11969,0.154538,0.12248
2023-12-06,0.051855,0.068462,0.232608,-0.015112,0.178626,0.066165,0.08038,0.117877,0.184651,0.141387
2023-12-07,0.056582,0.279373,-0.049162,0.073567,0.136308,-0.054917,0.015875,0.066,0.102667,0.165475
2023-12-08,0.06279,-0.015177,0.118837,0.064345,0.043767,0.022073,0.17374,0.0592,0.181133,0.02732
2023-12-11,0.089326,0.137149,0.119602,0.098064,0.174718,0.080812,0.143073,0.066823,0.123385,0.109228
2023-12-12,0.139608,0.066637,0.032782,0.176188,0.062725,0.247368,-0.04888,0.082543,0.096734,0.06729
2023-12-13,0.174338,0.062286,0.13694,0.117689,0.023512,0.147918,0.231333,0.23891,0.172476,0.088595
2023-12-14,0.190193,0.076505,0.095457,0.007179,0.09551,0.067825,0.0,0.051172,0.144896,0.142468
2023-12-15,-0.010207,0.086647,0.003451,0.134831,0.0,0.0296,-0.05464,0.01609,0.109704,0.050507
2023-12-18,0.238517,0.069945,0.105887,0.08634,0.160357,0.235794,-0.10235,0.147175,0.111649,0.08196
2023-12-19,0.0,0.0,0.0,0.0,0.0,0.0,0.0,0.0,0.029563,0.0
2023-12-20,0.0,0.0,0.0,0.0,0.0,0.0,0.0,0.0,-0.002588,0.0
2023-12-21,0.0,0.0,0.0,0.0,0.0,0.0,0.0,0.0,0.021468,0.0
2023-12-22,0.0,0.0,0.0,0.0,0.0,0.0,0.0,0.0,0.019068,0.0
2023-12-26,0.0,0.0,0.0,0.0,0.0,0.0,0.0,0.0,0.042546,0.0
2023-12-27,0.0,0.0,0.0,0.0,0.0,0.0,0.0,0.0,0.036335,0.0
2023-12-28,0.0,0.0,0.0,0.0,0.0,0.0,0.0,0.0,0.01703,0.0
2023-12-29,0.0,0.0,0.0,0.0,0.0,0.0,0.0,0.0,0.027968,0.0
